,company,position_name,salary_min,salary_max,salary_avg
0,iten-engineering,Software Developer (Medior),,,1.341 EUR
1,iten-engineering,QA Specialist (Junior),,,541 EUR
2,doob-innovation-studio,Technical Lead (Medior),,,3.000 EUR
3,doob-innovation-studio,Data Science Engineer (Junior),,,650 EUR
4,wireless-media,QA Specialist (Junior),400,600,462 EUR
5,wireless-media,Test Engineer (Junior),,,400 EUR
6,wireless-media,Software Engineer (Junior),,,400 EUR
7,wireless-media,Product Manager (Senior),,,1.300 EUR
8,wireless-media,QA Specialist (Senior),,,800 EUR
9,wireless-media,QA Specialist (Junior) / Praksa,,,85 EUR
10,wireless-media,UX/UI Designer (Senior),,,2.000 EUR
11,wireless-media,Software Developer (Medior),,,900 EUR
12,wireless-media,Software Developer (Junior),,,700 EUR
13,wireless-media,Marketing Department (Medior),,,500 EUR
14,wireless-media,Technical Lead (Senior),,,2.000 EUR
15,wireless-media,Product Owner (Junior),,,1.000 EUR
16,wireless-media,QA Specialist (Medior),,,1.200 EUR
17,merkle,Software Engineer (Senior),1.900,2.800,2.303 EUR
18,merkle,Software Engineer (Medior),1.350,1.600,1.438 EUR
19,merkle,Software Developer (Medior),1.454,1.516,1.490 EUR
20,merkle,UX/UI Designer (Medior),,,1.029 EUR
21,merkle,Software Engineer (Junior),,,1.083 EUR
22,merkle,QA Specialist (Senior),,,2.005 EUR
23,merkle,System Engineer (Medior),,,1.354 EUR
24,merkle,Software Developer (Junior),,,1.083 EUR
25,merkle,Marketing Department (Junior),,,1.100 EUR
26,merkle,Software Developer (Senior),,,2.600 EUR
27,sks365,QA Specialist (Medior),758,802,780 EUR
28,sks365,Software Developer (Senior),1.983,2.283,2.133 EUR
29,sks365,Ostalo (Senior),,,1.200 EUR
30,sks365,BI Developer (Medior),,,883 EUR
31,sks365,Ostalo (Medior),,,1.633 EUR
32,sks365,Software Developer (Medior),,,2.100 EUR
33,insicon,Software Developer (Senior),2.041,2.583,2.312 EUR
34,insicon,Test Engineer (Senior),,,1.658 EUR
35,microsoft-development-center-serbia,Software Engineer (Junior) / Praksa,1.000,1.400,1.175 EUR
36,microsoft-development-center-serbia,Software Engineer (Junior),1.800,2.583,2.195 EUR
37,microsoft-development-center-serbia,Software Engineer (Medior),3.683,4.333,3.908 EUR
38,microsoft-development-center-serbia,Software Engineer (Senior),,,8.000 EUR
39,microsoft-development-center-serbia,Ostalo (Junior) / Part time,,,300 EUR / h
40,exlrt,Software Developer (Senior),1.700,2.750,2.287 EUR
41,exlrt,IT Consultant (Senior),2.225,2.566,2.447 EUR
42,exlrt,Software Developer (Junior),,,500 EUR
43,exlrt,Software Developer (Medior),,,1.200 EUR
44,exlrt,Software Engineer (Senior),,,2.500 EUR
45,fadata,Software Engineer (Junior),,,250 EUR
46,fadata,Software Developer (Senior),,,850 EUR
47,fadata,Ostalo (Medior),,,1.000 EUR
48,executive-digital,Web Designer (Medior),,,708 EUR
49,executive-digital,Software Developer (Senior),,,700 EUR
50,executive-digital,IT Administrator (Medior),,,1.208 EUR
51,ntt-data,Software Developer (Senior),1.300,2.200,1.816 EUR
52,ntt-data,Ostalo (Junior),,,600 EUR
53,justraspberry,Software Developer (Medior),,,2.100 EUR
54,codeplicity,Software Developer (Senior),1.200,3.250,2.225 EUR
55,codeplicity,Software Developer (Medior),1.700,1.950,1.825 EUR
56,telekom-srbija,Product Manager (Junior),,,729 EUR
57,telekom-srbija,Software Engineer (Junior),,,504 EUR
58,telekom-srbija,IT Technician (Senior),,,500 EUR
59,telekom-srbija,IT Technician (Medior),,,420 EUR
60,telekom-srbija,System Engineer (Medior),,,550 EUR
61,trinityrank,Software Developer (Medior),,,1.200 EUR
62,ns-web-development,Software Developer (Junior),,,700 EUR
63,ns-web-development,QA Specialist (Junior),,,400 EUR
64,next-generation-lotteries,Product Owner (Senior),,,2.800 EUR
65,next-generation-lotteries,Product Manager (Senior),,,2.600 EUR
66,zuhlke-engineering,Software Engineer (Medior),1.100,2.080,1.476 EUR
67,zuhlke-engineering,Software Engineer (Junior),1.083,1.266,1.172 EUR
68,zuhlke-engineering,Software Engineer (Senior),1.800,2.200,1.933 EUR
69,zuhlke-engineering,Software Developer (Junior),1.000,1.100,1.050 EUR
70,zuhlke-engineering,Software Developer (Medior),,,1.258 EUR
71,zuhlke-engineering,Test Engineer (Medior),,,866 EUR
72,zuhlke-engineering,Project Manager (Junior),,,1.637 EUR
73,zuhlke-engineering,Project Manager (Senior),,,2.300 EUR
74,zuhlke-engineering,Software Architect (Senior),,,3.200 EUR
75,entelo,Software Engineer (Senior),,,2.400 EUR
76,naovis,Software Developer (Junior),500,800,650 EUR
77,naovis,Software Engineer (Senior),,,2.141 EUR
78,polus-tech,Sales Department (Senior),482,500,494 EUR
79,polus-tech,BI Developer (Senior),,,3.833 EUR
80,polus-tech,Ostalo (Senior),,,473 EUR
81,polus-tech,Software Developer (Senior),,,1.700 EUR
82,polus-tech,DevOps Engineer (Medior),,,1.425 EUR
83,synechron,Software Engineer (Medior),900,1.500,1.214 EUR
84,synechron,Software Developer (Medior),1.050,1.500,1.266 EUR
85,synechron,Software Developer (Senior),1.683,2.066,1.895 EUR
86,synechron,Software Developer (Junior),700,800,762 EUR
87,synechron,IT Consultant (Medior),680,1.183,852 EUR
88,synechron,Data Science Engineer (Junior),800,1.300,1.105 EUR
89,synechron,Software Engineer (Senior),,,2.300 EUR
90,mozzart,Software Developer (Senior),2.083,3.500,2.791 EUR
91,mozzart,Business Analyst (Medior),,,600 EUR
92,mozzart,System Administrator (Senior),,,729 EUR
93,mozzart,Software Engineer (Senior),,,1.983 EUR
94,fracturecode-corporation,IT Consultant (Junior),,,500 EUR
95,fracturecode-corporation,Software Engineer (Medior),,,766 EUR
96,ansio,Software Engineer (Senior),,,2.000 EUR
97,ansio,BI Developer (Senior),,,2.000 EUR
98,team-sava,Ostalo (Medior),,,525 EUR
99,team-sava,Ostalo (Junior),,,480 EUR
100,team-sava,Marketing Department (Junior),,,525 EUR
101,playstudios-europe,Ostalo (Medior),,,758 EUR
102,playstudios-europe,HR Department (Junior) / Praksa,,,400 EUR
103,netconomy,Software Engineer (Medior),1.405,1.590,1.486 EUR
104,netconomy,Software Engineer (Junior),,,1.066 EUR
105,netconomy,Software Developer (Medior),,,1.783 EUR
106,novelic,Software Engineer (Medior),1.300,1.383,1.341 EUR
107,novelic,Software Developer (Medior),,,1.000 EUR
108,novelic,System Engineer (Junior),,,850 EUR
109,novelic,System Engineer (Medior),,,1.950 EUR
110,novelic,Software Developer (Senior),,,1.850 EUR
111,novelic,Technical Lead (Medior),,,1.700 EUR
112,novelic,Hardware Engineer (Junior),,,1.016 EUR
113,eton-digital,Software Developer (Senior),,,1.400 EUR
114,eton-digital,Software Developer (Junior),,,400 EUR
115,seavus-group,Software Developer (Medior),800,2.100,1.320 EUR
116,seavus-group,Software Developer (Senior),1.650,2.500,2.135 EUR
117,seavus-group,Test Engineer (Senior),1.600,1.900,1.750 EUR
118,seavus-group,Software Engineer (Medior),1.250,1.500,1.375 EUR
119,seavus-group,QA Specialist (Medior),,,950 EUR
120,seavus-group,Test Engineer (Medior),,,1.700 EUR
121,seavus-group,DevOps Engineer (Medior),,,1.200 EUR
122,seven-bridges,Software Engineer (Senior),1.900,3.200,2.700 EUR
123,seven-bridges,Software Engineer (Junior),1.200,1.300,1.233 EUR
124,seven-bridges,Software Engineer (Medior),1.300,1.500,1.400 EUR
125,seven-bridges,Ostalo (Medior),1.440,3.000,2.220 EUR
126,seven-bridges,Delivery Manager (Medior),1.600,1.900,1.750 EUR
127,seven-bridges,Software Developer (Senior),,,2.700 EUR
128,seven-bridges,QA Specialist (Medior),,,1.600 EUR
129,seven-bridges,QA Specialist (Junior),,,1.480 EUR
130,seven-bridges,Data Science Engineer (Junior),,,1.200 EUR
131,quantox-technology,Software Developer (Medior),625,2.000,1.219 EUR
132,quantox-technology,Software Developer (Senior),1.325,2.000,1.781 EUR
133,quantox-technology,Software Developer (Junior),350,405,377 EUR
134,quantox-technology,Software Developer (Junior) / Praksa,0,470,235 EUR
135,quantox-technology,Project Manager (Medior),,,1.000 EUR
136,quantox-technology,Software Engineer (Medior),,,900 EUR
137,quantox-technology,Administration (Medior),,,633 EUR
138,quantox-technology,Ostalo (Medior),,,1.000 EUR
139,quantox-technology,Project Manager (Junior),,,600 EUR
140,quantox-technology,Ostalo (Junior),,,1.400 EUR
141,premium-software,Software Developer (Medior),,,1.241 EUR
142,dcloud,Software Developer (Junior),,,250 EUR
143,dcloud,Sales Department (Medior),,,500 EUR
144,intens,Software Developer (Junior),,,766 EUR
145,intens,Ostalo (Senior),,,1.441 EUR
146,intens,Software Engineer (Medior),,,1.100 EUR
147,comdata,Software Developer (Senior),2.100,2.543,2.321 EUR
148,comdata,Software Engineer (Medior),1.500,2.000,1.750 EUR
149,ximedes,Software Developer (Medior),1.200,1.400,1.305 EUR
150,ximedes,Software Engineer (Senior),,,2.100 EUR
151,ximedes,QA Specialist (Senior),,,2.441 EUR
152,ximedes,Software Developer (Senior),,,2.300 EUR
153,otp-banka,Business Analyst (Senior),800,1.300,1.050 EUR
154,otp-banka,Software Engineer (Junior),,,1.526 EUR
155,otp-banka,Customer Support (Medior),,,483 EUR
156,otp-banka,Software Developer (Senior),,,1.400 EUR
157,svea-ekonomi,Software Developer (Medior),,,1.400 EUR
158,svea-ekonomi,Software Developer (Junior),900,1.150,1.025 EUR
159,svea-ekonomi,Software Developer (Senior),,,1.750 EUR
160,svea-ekonomi,Ostalo (Senior),,,1.600 EUR
161,svea-ekonomi,BI Developer (Senior),,,1.600 EUR
162,svea-ekonomi,Software Engineer (Senior),,,1.700 EUR
163,svea-ekonomi,Technical Lead (Senior),,,2.000 EUR
164,greco-shared-services-doo,Test Engineer (Junior),500,550,525 EUR
165,vast-(vroom),QA Specialist (Junior),,,850 EUR
166,vast-(vroom),QA Specialist (Senior),,,1.600 EUR
167,vast-(vroom),Project Manager (Medior),,,1.400 EUR
168,vast-(vroom),Software Developer (Senior),,,2.500 EUR
169,vast-(vroom),Software Engineer (Senior),,,4.000 EUR
170,vast-(vroom),Database Administrator (Junior),,,800 EUR
171,vast-(vroom),Project Manager (Junior),,,1.500 EUR
172,vast-(vroom),Customer Support (Senior),,,500 EUR
173,ates-soft,Software Engineer (Senior),,,2.000 EUR
174,ates-soft,Software Developer (Junior),,,800 EUR
175,zilker-technology,IT Consultant (Medior),,,925 EUR
176,zilker-technology,System Engineer (Senior),,,1.729 EUR
177,zilker-technology,Software Developer (Senior),,,2.133 EUR
178,zilker-technology,DevOps Engineer (Senior),,,1.525 EUR
179,bakson-ltd,Software Developer (Medior),,,1.200 EUR
180,bakson-ltd,Software Engineer (Junior),,,700 EUR
181,bakson-ltd,DevOps Engineer (Senior),,,2.000 EUR
182,itaf-ict-services,System Engineer (Junior),,,300 EUR
183,dynamicsoft,Software Developer (Junior),,,500 EUR
184,adacta,Software Developer (Medior),,,1.258 EUR
185,salestrekker,Software Engineer (Medior),,,1.500 EUR
186,salestrekker,Test Engineer (Junior),,,853 EUR
187,jiway,Software Developer (Junior),,,500 EUR
188,jiway,Software Developer (Senior),,,1.691 EUR
189,computer-rock,Software Developer (Medior),1.400,1.800,1.600 EUR
190,computer-rock,Ostalo (Medior),,,2.500 EUR
191,computer-rock,Software Engineer (Senior),,,3.200 EUR
192,computer-rock,Software Developer (Junior),,,1.200 EUR
193,computer-rock,Project Manager (Medior),,,1.000 EUR
194,computer-rock,Software Developer (Senior),,,2.652 EUR
195,ibis-solutions,Software Engineer (Junior),,,700 EUR
196,ibis-solutions,Software Engineer (Medior),,,900 EUR
197,finbet-,Software Developer (Medior),1.325,1.350,1.337 EUR
198,finbet-,Test Engineer (Medior),,,1.500 EUR
199,finbet-,Software Developer (Senior),,,1.300 EUR
200,finbet-,Ostalo (Junior),,,700 EUR
201,finbet-,QA Specialist (Senior),,,1.200 EUR
202,finbet-,QA Specialist (Junior) / Praksa,,,450 EUR
203,finbet-,Software Developer (Junior),,,1.000 EUR
204,finbet-,QA Specialist (Medior),,,950 EUR
205,finbet-,Software Engineer (Senior),,,2.250 EUR
206,snap-one,Software Engineer (Senior),2.666,2.708,2.687 EUR
207,snap-one,Software Developer (Junior),,,1.125 EUR
208,snap-one,Software Engineer (Medior),,,1.650 EUR
209,snap-one,Software Developer (Medior),,,1.800 EUR
210,snap-one,Software Engineer (Junior),,,1.083 EUR
211,tiac,Software Developer (Medior),1.500,1.750,1.625 EUR
212,oblo-living,Software Developer (Medior),1.200,1.400,1.300 EUR
213,oblo-living,Software Engineer (Junior),,,1.000 EUR
214,oblo-living,Software Developer (Junior),,,1.112 EUR
215,oblo-living,Software Engineer (Medior),,,1.600 EUR
216,digital-silk,HR Department (Senior),,,1.700 EUR
217,digital-silk,Marketing Department (Senior),,,2.000 EUR
218,digital-silk,Executive (Senior),,,2.000 EUR
219,digital-silk,Web Designer (Senior),,,2.500 EUR
220,digital-silk,UX/UI Designer (Senior),,,2.500 EUR
221,essence-of-email,Ostalo (Junior),,,700 EUR
222,essence-of-email,Ostalo (Medior),,,700 EUR
223,grid-dynamics,Software Engineer (Medior),1.768,2.000,1.903 EUR
224,grid-dynamics,Software Engineer (Junior),400,1.200,840 EUR
225,grid-dynamics,Test Engineer (Medior),,,1.800 EUR
226,grid-dynamics,Software Developer (Medior),,,1.800 EUR
227,grid-dynamics,Software Engineer (Senior),,,2.000 EUR
228,grid-dynamics,QA Specialist (Medior),,,1.400 EUR
229,grid-dynamics,QA Specialist (Junior),,,900 EUR
230,mercator-s-d.o.o,Software Developer (Medior),,,700 EUR
231,generali-osiguranje-srbija,Software Developer (Junior),700,816,745 EUR
232,generali-osiguranje-srbija,Software Developer (Medior),1.000,1.550,1.236 EUR
233,generali-osiguranje-srbija,Software Developer (Senior),,,2.216 EUR
234,msg-global-solutions,Software Developer (Medior),,,1.425 EUR
235,msg-global-solutions,IT Consultant (Medior),,,1.866 EUR
236,link-group,Software Developer (Medior),800,1.350,1.075 EUR
237,link-group,Software Developer (Senior),,,1.200 EUR
238,link-group,Graphic Designer (Medior),,,600 EUR
239,emisia-consulting,Software Developer (Medior),,,500 EUR
240,emisia-consulting,Software Developer (Senior),,,1.300 EUR
241,mega-computer-engineering,Software Engineer (Junior),,,450 EUR
242,mega-computer-engineering,Software Developer (Medior),,,800 EUR
243,mega-computer-engineering,System Administrator (Medior),,,400 EUR
244,mega-computer-engineering,IT Consultant (Junior),,,730 EUR
245,fishingbooker,Software Engineer (Senior),3.100,4.550,3.930 EUR
246,fishingbooker,Software Developer (Medior),1.770,2.205,1.987 EUR
247,fishingbooker,Software Developer (Junior),,,1.100 EUR
248,fishingbooker,Ostalo (Medior),,,1.000 EUR
249,fishingbooker,Marketing Department (Medior),,,850 EUR
250,fishingbooker,Software Developer (Senior),,,3.725 EUR
251,fishingbooker,SEO Specialist (Junior),,,850 EUR
252,ubisoft,Software Engineer (Junior),921,1.285,1.133 EUR
253,ubisoft,Software Developer (Junior),750,1.250,1.111 EUR
254,ubisoft,Software Developer (Medior),1.200,1.650,1.452 EUR
255,ubisoft,2D/3D Artist (Medior),937,1.100,1.008 EUR
256,ubisoft,Technical Lead (Senior),,,2.291 EUR
257,ubisoft,Ostalo (Medior),,,927 EUR
258,ubisoft,UX/UI Designer (Medior),,,1.000 EUR
259,ubisoft,Project Manager (Medior),,,1.575 EUR
260,ubisoft,Software Engineer (Medior),,,2.090 EUR
261,avisto-eastern-europe,Software Developer (Medior),1.166,1.241,1.204 EUR
262,avisto-eastern-europe,Software Developer (Senior),1.550,2.058,1.804 EUR
263,avisto-eastern-europe,Software Engineer (Junior),,,820 EUR
264,belit,Project Manager (Senior),,,703 EUR
265,belit,Software Engineer (Senior),,,900 EUR
266,belit,Software Developer (Senior),,,1.700 EUR
267,belit,Software Developer (Medior),,,700 EUR
268,nps,IT Consultant (Medior),666,891,779 EUR
269,vega-it-sourcing,Software Developer (Medior),800,2.125,1.352 EUR
270,vega-it-sourcing,Software Developer (Junior),400,1.000,700 EUR
271,vega-it-sourcing,Software Developer (Senior),1.500,2.700,2.080 EUR
272,vega-it-sourcing,Web Designer (Junior),350,400,375 EUR
273,vega-it-sourcing,Software Engineer (Junior),,,800 EUR
274,vega-it-sourcing,Ostalo (Senior),,,3.000 EUR
275,vega-it-sourcing,System Engineer (Senior),,,1.666 EUR
276,vega-it-sourcing,Software Developer (Senior) / Freelance,,,39 EUR / h
277,vega-it-sourcing,Web Designer (Medior),,,600 EUR
278,vega-it-sourcing,Software Engineer (Medior),,,1.200 EUR
279,vega-it-sourcing,Ostalo (Junior),,,700 EUR
280,fiscal-solutions,Software Developer (Junior),,,350 EUR
281,fiscal-solutions,QA Specialist (Junior),,,390 EUR
282,fiscal-solutions,Software Engineer (Medior),,,350 EUR
283,fiscal-solutions,Software Engineer (Junior),,,350 EUR
284,data-smart,Software Developer (Senior),,,2.000 EUR
285,execom,Software Developer (Medior),1.000,1.500,1.175 EUR
286,execom,Software Developer (Junior),500,700,566 EUR
287,execom,Software Developer (Senior),1.100,2.604,1.701 EUR
288,execom,QA Specialist (Senior),1.300,1.400,1.350 EUR
289,execom,Graphic Designer (Junior) / Part time,,,2 EUR / h
290,execom,Software Developer (Junior) / Part time,,,3 EUR / h
291,execom,QA Specialist (Medior),,,900 EUR
292,execom,Test Engineer (Senior),,,1.725 EUR
293,execom,HR Department (Senior),,,1.000 EUR
294,execom,Software Engineer (Junior),,,500 EUR
295,comtrade,Software Developer (Junior),300,1.241,633 EUR
296,comtrade,Software Developer (Medior),900,1.075,975 EUR
297,comtrade,Software Engineer (Senior),1.441,3.300,2.370 EUR
298,comtrade,Technical Lead (Senior),1.350,2.250,1.800 EUR
299,comtrade,Software Engineer (Medior),,,720 EUR
300,comtrade,2D/3D Artist (Senior),,,1.000 EUR
301,comtrade,System Engineer (Senior),,,2.433 EUR
302,comtrade,System Engineer (Medior),,,1.200 EUR
303,comtrade,Software Developer (Senior),,,1.350 EUR
304,comtrade,IT Technician (Senior),,,650 EUR
305,comtrade,QA Specialist (Senior),,,1.200 EUR
306,comtrade,QA Specialist (Medior),,,900 EUR
307,comtrade,Ostalo (Senior),,,1.046 EUR
308,comtrade,Project Manager (Senior),,,1.565 EUR
309,arcadis-gen,Software Developer (Junior),,,650 EUR
310,arcadis-gen,Scrum Master (Junior),,,800 EUR
311,arcadis-gen,Software Developer (Medior),,,1.200 EUR
312,phuket-(sportske-kladionice-soccer),IT Technician (Medior),,,500 EUR
313,phuket-(sportske-kladionice-soccer),Ostalo (Senior),,,290 EUR
314,phuket-(sportske-kladionice-soccer),IT Specialist (Junior),,,350 EUR
315,ester-71-energy-d.o.o.,IT Administrator (Senior),,,908 EUR
316,ester-71-energy-d.o.o.,HR Department (Medior),,,650 EUR
317,ester-71-energy-d.o.o.,Customer Support (Medior),,,700 EUR
318,katipult,Test Engineer (Medior),,,800 EUR
319,katipult,QA Specialist (Medior) / Freelance,,,5 EUR / h
320,katipult,IT Specialist (Medior),,,1.000 EUR
321,shared-mobility,Software Developer (Medior),,,1.500 EUR
322,sap,IT Specialist (Senior),,,2.508 EUR
323,sap,Software Engineer (Junior),,,1.466 EUR
324,sap,Ostalo (Senior),,,1.750 EUR
325,sap,Product Manager (Senior),,,3.000 EUR
326,nortal,Software Developer (Medior),1.000,2.625,1.812 EUR
327,nortal,QA Specialist (Medior),1.283,1.500,1.391 EUR
328,nortal,HR Department (Senior),1.200,1.500,1.350 EUR
329,nortal,QA Specialist (Senior),,,1.600 EUR
330,nortal,Software Developer (Senior),,,4.000 EUR
331,sixsentix,Test Engineer (Medior),650,1.050,870 EUR
332,sixsentix,QA Specialist (Medior),650,850,762 EUR
333,sixsentix,QA Specialist (Senior),1.300,1.500,1.366 EUR
334,sixsentix,QA Specialist (Junior),550,600,575 EUR
335,sixsentix,Ostalo (Junior),550,600,575 EUR
336,sixsentix,Ostalo (Medior),,,750 EUR
337,sixsentix,IT Consultant (Medior),,,1.000 EUR
338,arbor-education-partners,Project Manager (Senior),,,2.500 EUR
339,arbor-education-partners,Software Engineer (Senior),,,2.700 EUR
340,arbor-education-partners,HR Department (Junior),,,1.037 EUR
341,sanne,Ostalo (Senior),600,1.191,895 EUR
342,sanne,Database Administrator (Senior),,,1.583 EUR
343,tigar-tyres,Software Developer (Junior),,,550 EUR
344,tigar-tyres,Software Developer (Medior),,,550 EUR
345,devellop-(formerly-lanus),Software Developer (Medior),,,1.350 EUR
346,tcp-software,Ostalo (Senior),,,3.733 EUR
347,tcp-software,HR Department (Senior),,,1.600 EUR
348,atomia,Software Developer (Junior),,,550 EUR
349,atomia,DevOps Engineer (Medior),,,800 EUR
350,teletrader,Software Developer (Junior),700,1.800,1.266 EUR
351,teletrader,Software Developer (Medior),,,1.600 EUR
352,itekako,Software Developer (Medior),1.008,2.283,1.663 EUR
353,itekako,Software Engineer (Medior),1.516,1.800,1.677 EUR
354,itekako,QA Specialist (Junior),500,650,552 EUR
355,itekako,QA Specialist (Medior),725,816,770 EUR
356,itekako,Software Engineer (Senior),2.136,2.500,2.318 EUR
357,itekako,Software Developer (Junior),400,780,590 EUR
358,itekako,Ostalo (Medior),,,1.725 EUR
359,itekako,System Administrator (Junior),,,300 EUR
360,itekako,DevOps Engineer (Junior),,,900 EUR
361,mad-head-games,QA Specialist (Junior),,,400 EUR
362,mad-head-games,2D/3D Artist (Junior),,,400 EUR
363,mad-head-games,Software Engineer (Medior),700,1.100,900 EUR
364,mad-head-games,Software Developer (Junior),400,600,500 EUR
365,mad-head-games,Product Manager (Senior),,,1.200 EUR
366,mitto,Sales Department (Medior),1.000,2.000,1.420 EUR
367,mitto,QA Specialist (Junior),,,700 EUR
368,mitto,QA Specialist (Medior),,,750 EUR
369,mitto,Software Developer (Junior),,,800 EUR
370,thorium-games,2D/3D Artist (Junior),,,400 EUR
371,thorium-games,Software Developer (Junior),,,400 EUR
372,quest-software,Software Developer (Medior),1.327,1.338,1.332 EUR
373,quest-software,Software Developer (Junior),719,766,742 EUR
374,miticon,Software Engineer (Junior),350,800,670 EUR
375,miticon,Software Developer (Junior),450,550,500 EUR
376,miticon,Ostalo (Junior),600,670,635 EUR
377,miticon,Software Engineer (Senior),,,3.000 EUR
378,miticon,Test Engineer (Junior) / Praksa,,,200 EUR
379,miticon,Software Engineer (Junior) / Praksa,,,400 EUR
380,miticon,Software Developer (Medior),,,1.700 EUR
381,miticon,Product Manager (Junior),,,900 EUR
382,emric,Software Developer (Junior),,,700 EUR
383,emric,Product Owner (Medior),,,1.650 EUR
384,emric,Ostalo (Medior),,,1.300 EUR
385,factory-world-wide-,Software Developer (Medior),1.300,1.700,1.500 EUR
386,factory-world-wide-,Software Developer (Senior),,,1.800 EUR
387,factory-world-wide-,Software Engineer (Senior),,,3.000 EUR
388,factory-world-wide-,QA Specialist (Medior),,,1.000 EUR
389,calliduscloud,QA Specialist (Medior),,,800 EUR
390,calliduscloud,QA Specialist (Junior),,,600 EUR
391,activecollab-(a51),Customer Support (Medior),,,300 EUR
392,activecollab-(a51),Customer Support (Junior),,,350 EUR
393,spicefactory,Software Engineer (Junior),1.000,1.500,1.250 EUR
394,ogury-,Software Engineer (Senior),,,3.716 EUR
395,ogury-,Technical Lead (Senior),,,4.537 EUR
396,ogury-,Business Analyst (Medior),,,1.368 EUR
397,smallpdf,Software Engineer (Senior),3.100,3.200,3.150 EUR
398,smallpdf,Software Developer (Senior),,,3.300 EUR
399,smallpdf,HR Department (Senior),,,1.600 EUR
400,smallpdf,Software Engineer (Medior),,,2.400 EUR
401,stech,Software Developer (Senior),1.400,1.600,1.533 EUR
402,stech,QA Specialist (Junior),,,1.029 EUR
403,stech,Software Developer (Junior),,,716 EUR
404,arpm,Ostalo (Senior),,,2.250 EUR
405,arpm,Ostalo (Medior),,,2.166 EUR
406,arpm,IT Consultant (Medior),,,2.116 EUR
407,get,Software Developer (Junior),600,1.100,850 EUR
408,get,Software Developer (Medior),1.300,1.900,1.600 EUR
409,get,IT Consultant (Medior),,,1.300 EUR
410,get,System Administrator (Medior),,,1.041 EUR
411,get,IT Consultant (Senior),,,1.900 EUR
412,get,Ostalo (Medior),,,1.500 EUR
413,embroker,Ostalo (Senior),,,2.200 EUR
414,embroker,Software Engineer (Senior),,,3.800 EUR
415,embroker,UX/UI Designer (Senior),,,2.100 EUR
416,soneco,Technical Lead (Senior),,,1.700 EUR
417,soneco,Software Engineer (Medior),,,1.300 EUR
418,soneco,Software Developer (Senior),,,1.500 EUR
419,carnegie-technologies,QA Specialist (Junior),350,400,375 EUR
420,carnegie-technologies,Software Developer (Junior),,,1.000 EUR
421,carnegie-technologies,QA Specialist (Medior),,,600 EUR
422,carnegie-technologies,DevOps Engineer (Medior),,,2.200 EUR
423,intelisale,QA Specialist (Junior),,,700 EUR
424,mera-software-services,Customer Support (Medior),512,800,655 EUR
425,mera-software-services,Software Engineer (Senior),1.450,2.700,2.025 EUR
426,mera-software-services,Customer Support (Senior),700,825,762 EUR
427,mera-software-services,Customer Support (Junior),,,500 EUR
428,mera-software-services,QA Specialist (Junior),,,550 EUR
429,mera-software-services,IT Specialist (Medior),,,750 EUR
430,mera-software-services,Software Engineer (Medior),,,900 EUR
431,devoteam,IT Consultant (Medior),650,1.400,960 EUR
432,devoteam,IT Consultant (Junior),600,841,663 EUR
433,devoteam,Software Developer (Junior),600,716,662 EUR
434,devoteam,Project Manager (Senior),,,2.183 EUR
435,teksavvy-solutions,Software Developer (Medior),,,1.966 EUR
436,teksavvy-solutions,Software Developer (Junior),,,1.000 EUR
437,holycode,Software Developer (Senior),1.700,3.400,2.525 EUR
438,holycode,Software Developer (Junior),1.000,1.300,1.100 EUR
439,holycode,QA Specialist (Junior),455,950,702 EUR
440,holycode,Software Engineer (Senior),2.000,4.000,3.000 EUR
441,holycode,Software Developer (Medior),1.500,1.760,1.630 EUR
442,holycode,DevOps Engineer (Senior),,,1.650 EUR
443,holycode,UX/UI Designer (Medior),,,1.550 EUR
444,holycode,QA Specialist (Senior),,,1.700 EUR
445,holycode,Software Engineer (Medior),,,1.500 EUR
446,holycode,Product Manager (Senior),,,4.500 EUR
447,holycode,Customer Support (Senior),,,500 EUR
448,holycode,HR Department (Medior),,,1.000 EUR
449,telenor,Ostalo (Junior) / Praksa,300,500,400 EUR
450,telenor,Software Engineer (Medior),,,800 EUR
451,telenor,Marketing Department (Junior),,,800 EUR
452,telenor,Ostalo (Senior),,,1.300 EUR
453,telenor,Customer Support (Senior),,,541 EUR
454,telenor,Sales Department (Junior),,,340 EUR
455,telenor,System Administrator (Senior),,,800 EUR
456,telenor,Software Developer (Medior),,,1.058 EUR
457,telenor,Customer Support (Junior),,,450 EUR
458,telenor,System Engineer (Senior),,,1.041 EUR
459,telenor,Ostalo (Medior),,,650 EUR
460,telenor,DevOps Engineer (Medior),,,1.366 EUR
461,telenor,Software Engineer (Senior),,,1.000 EUR
462,telenor,Software Developer (Junior),,,1.041 EUR
463,telenor,IT Specialist (Medior),,,725 EUR
464,telenor,IT Technician (Medior),,,770 EUR
465,fortrade,Test Engineer (Junior),,,541 EUR
466,cyrillic-software,DevOps Engineer (Senior),,,1.700 EUR
467,gourban,QA Specialist (Senior),,,2.000 EUR
468,gourban,UX/UI Designer (Medior),,,1.200 EUR
469,ddor-novi-sad,Software Developer (Medior),,,770 EUR
470,ddor-novi-sad,Business Analyst (Medior),,,730 EUR
471,popart-studio,Software Developer (Junior),500,850,675 EUR
472,popart-studio,DevOps Engineer (Medior),,,507 EUR
473,popart-studio,Ostalo (Medior),,,504 EUR
474,popart-studio,Marketing Department (Medior),,,250 EUR
475,popart-studio,SEO Specialist (Junior),,,300 EUR
476,popart-studio,Software Developer (Medior),,,1.270 EUR
477,gowi,QA Specialist (Medior),,,500 EUR
478,gowi,Software Engineer (Senior),,,2.500 EUR
479,inovatec,QA Specialist (Medior),500,800,650 EUR
480,inovatec,QA Specialist (Senior),,,1.100 EUR
481,inovatec,Customer Support (Senior),,,450 EUR
482,inovatec,Software Developer (Medior),,,1.083 EUR
483,decenter,Software Engineer (Junior),1.625,2.562,2.027 EUR
484,decenter,Software Engineer (Senior),,,5.000 EUR
485,decenter,Marketing Department (Senior),2.750,3.200,2.975 EUR
486,decenter,BI Developer (Medior),,,2.216 EUR
487,roaming-networks,Ostalo (Medior),,,600 EUR
488,roaming-networks,System Engineer (Senior),,,700 EUR
489,roaming-networks,IT Administrator (Senior),,,360 EUR
490,roaming-networks,Ostalo (Senior),,,500 EUR
491,roaming-networks,Test Engineer (Medior),,,583 EUR
492,gerniks,Software Engineer (Junior),,,800 EUR
493,gerniks,Graphic Designer (Junior),,,350 EUR
494,ikor-development-center,IT Consultant (Medior),,,1.500 EUR
495,ikor-development-center,Software Engineer (Junior),,,1.200 EUR
496,infostud-3,Product Manager (Senior),,,600 EUR
497,infostud-3,Software Developer (Medior),,,1.025 EUR
498,infostud-3,Product Manager (Medior),,,1.325 EUR
499,centili,IT Technician (Junior),,,700 EUR
500,centili,Finance Department (Junior),,,500 EUR
501,centili,Software Engineer (Medior),,,1.500 EUR
502,centili,Ostalo (Senior),,,1.050 EUR
503,nf-innova,Software Developer (Medior),800,1.000,900 EUR
504,nf-innova,Software Developer (Junior),500,650,575 EUR
505,selerant,Software Developer (Medior),1.115,1.600,1.357 EUR
506,selerant,Software Developer (Junior),,,750 EUR
507,selerant,QA Specialist (Junior),,,600 EUR
508,selerant,Software Architect (Senior),,,2.850 EUR
509,icl-services,Project Manager (Junior),,,1.100 EUR
510,technomedia,Software Engineer (Junior),,,350 EUR
511,technomedia,Software Developer (Junior),,,350 EUR
512,menu-technologies,QA Specialist (Junior),700,800,750 EUR
513,menu-technologies,Software Developer (Medior),,,1.000 EUR
514,menu-technologies,IT Technician (Junior),,,800 EUR
515,bad-sistems,Software Engineer (Medior),,,908 EUR
516,umlaut,Test Engineer (Senior),700,1.500,998 EUR
517,umlaut,Software Engineer (Senior),800,2.000,1.216 EUR
518,umlaut,Technical Lead (Senior),1.100,1.625,1.362 EUR
519,umlaut,Software Engineer (Medior),800,1.325,1.062 EUR
520,umlaut,Program Manager (Senior),,,1.500 EUR
521,umlaut,Project Manager (Junior),,,850 EUR
522,umlaut,Test Engineer (Senior) / Part time,,,4 EUR / h
523,umlaut,Software Engineer (Junior),,,800 EUR
524,umlaut,Test Engineer (Junior),,,650 EUR
525,umlaut,BI Developer (Senior),,,1.200 EUR
526,umlaut,IT Technician (Medior),,,800 EUR
527,umlaut,2D/3D Artist (Medior),,,1.312 EUR
528,umlaut,QA Specialist (Senior),,,1.310 EUR
529,umlaut,IT Manager (Senior),,,2.200 EUR
530,umlaut,Ostalo (Medior),,,1.300 EUR
531,umlaut,Data Science Engineer (Senior),,,1.320 EUR
532,stada-it-solutions,Software Developer (Junior) / Part time,,,3 EUR / h
533,stada-it-solutions,IT Consultant (Medior),,,1.491 EUR
534,stada-it-solutions,IT Consultant (Junior),,,970 EUR
535,stada-it-solutions,IT Consultant (Senior),,,1.950 EUR
536,elementor,Customer Support (Junior),1.100,1.110,1.105 EUR
537,elementor,Customer Support (Medior),1.116,1.161,1.139 EUR
538,ingsoftware,Software Developer (Senior),700,3.000,1.688 EUR
539,ingsoftware,Software Developer (Medior),600,1.650,1.142 EUR
540,ingsoftware,Software Developer (Junior),300,650,475 EUR
541,ingsoftware,Ostalo (Medior),,,1.000 EUR
542,ingsoftware,Software Engineer (Medior),,,1.500 EUR
543,ingsoftware,Software Engineer (Senior),,,2.650 EUR
544,ingsoftware,Software Developer (Junior) / Praksa,,,150 EUR
545,esome-advertising-technologies,Software Developer (Senior),,,1.800 EUR
546,esome-advertising-technologies,Software Engineer (Senior),,,1.800 EUR
547,esome-advertising-technologies,Ostalo (Medior),,,600 EUR
548,daon,Ostalo (Junior),,,2.000 EUR
549,daon,Ostalo (Junior) / Part time,,,4 EUR / h
550,orange-cloud,Ostalo (Senior),,,1.000 EUR
551,orange-cloud,Customer Support (Senior),,,1.000 EUR
552,orange-cloud,DevOps Engineer (Medior),,,2.100 EUR
553,syrmia,Software Engineer (Junior),900,1.607,1.181 EUR
554,syrmia,Software Engineer (Senior),2.000,2.625,2.312 EUR
555,syrmia,Software Engineer (Medior),1.400,2.100,1.750 EUR
556,hubx,Software Developer (Medior),1.100,1.866,1.347 EUR
557,hubx,IT Specialist (Medior),1.100,1.500,1.300 EUR
558,hubx,Software Engineer (Medior),,,1.100 EUR
559,hubx,IT Specialist (Senior),,,3.000 EUR
560,hubx,Ostalo (Medior),,,825 EUR
561,hubx,QA Specialist (Junior),,,700 EUR
562,hubx,Project Manager (Junior),,,800 EUR
563,hooloovoo,Software Engineer (Senior),3.500,5.000,4.250 EUR
564,hooloovoo,Software Developer (Senior),,,2.500 EUR
565,hooloovoo,Software Engineer (Medior),,,2.000 EUR
566,rt-rk,Software Engineer (Medior),1.050,2.100,1.434 EUR
567,rt-rk,Software Developer (Junior),800,1.750,1.253 EUR
568,rt-rk,Software Engineer (Junior),650,1.308,1.006 EUR
569,rt-rk,Software Developer (Senior),1.750,2.875,2.087 EUR
570,rt-rk,Software Developer (Medior),1.000,1.633,1.344 EUR
571,rt-rk,Software Engineer (Senior),1.866,2.200,2.033 EUR
572,rt-rk,QA Specialist (Junior),,,350 EUR
573,rt-rk,Test Engineer (Medior),400,1.000,700 EUR
574,rt-rk,Ostalo (Medior),,,1.641 EUR
575,rt-rk,QA Specialist (Senior),,,450 EUR
576,rt-rk,Test Engineer (Senior),,,1.100 EUR
577,rt-rk,QA Specialist (Medior),,,300 EUR
578,rt-rk,Software Architect (Senior),,,2.300 EUR
579,rt-rk,Scrum Master (Junior),,,1.300 EUR
580,rt-rk,Technical Lead (Medior),,,2.000 EUR
581,rt-rk,Hardware Engineer (Junior),,,950 EUR
582,edge-technologies,DevOps Engineer (Junior),,,716 EUR
583,libertex-group,DevOps Engineer (Senior),2.000,2.100,2.050 EUR
584,libertex-group,Software Developer (Medior),,,1.625 EUR
585,zesium-mobile,Software Developer (Medior),800,1.300,1.050 EUR
586,zesium-mobile,QA Specialist (Medior),,,850 EUR
587,zesium-mobile,Software Developer (Senior),,,2.500 EUR
588,zesium-mobile,Software Developer (Junior),,,600 EUR
589,zesium-mobile,Test Engineer (Medior),,,700 EUR
590,enjoy.ing,Software Engineer (Medior),800,1.500,1.213 EUR
591,enjoy.ing,Software Developer (Medior),750,1.400,1.058 EUR
592,enjoy.ing,Software Developer (Senior),1.200,2.166,1.516 EUR
593,enjoy.ing,QA Specialist (Junior),600,1.200,750 EUR
594,enjoy.ing,Software Engineer (Junior),850,900,866 EUR
595,enjoy.ing,QA Specialist (Medior),700,1.150,925 EUR
596,enjoy.ing,Software Engineer (Senior),1.600,3.250,2.425 EUR
597,enjoy.ing,Software Developer (Junior),708,800,754 EUR
598,enjoy.ing,IT Specialist (Senior),,,800 EUR
599,enjoy.ing,Business Analyst (Medior),,,1.000 EUR
600,enjoy.ing,Ostalo (Medior),,,1.208 EUR
601,nites,Software Developer (Junior),,,800 EUR
602,eryce-ag,Software Developer (Medior),,,600 EUR
603,printec,Software Engineer (Medior),,,1.000 EUR
604,printec,Software Developer (Senior),,,1.200 EUR
605,printec,Software Engineer (Junior),,,720 EUR
606,geta,Software Developer (Junior),1.100,1.200,1.150 EUR
607,geta,Software Developer (Medior),,,1.900 EUR
608,geta,Software Engineer (Medior),,,1.500 EUR
609,lotusflare,Software Engineer (Medior),1.950,3.050,2.491 EUR
610,lotusflare,Software Engineer (Junior),1.625,1.825,1.725 EUR
611,lotusflare,Software Developer (Medior),,,2.308 EUR
612,red-black-tree,Software Developer (Junior),1.000,1.012,1.006 EUR
613,red-black-tree,Software Engineer (Junior),,,1.000 EUR
614,halcom,QA Specialist (Medior),,,830 EUR
615,halcom,Customer Support (Junior) / Part time,,,2 EUR / h
616,halcom,Software Developer (Junior),,,1.000 EUR
617,halcom,Customer Support (Medior),,,750 EUR
618,halcom,Software Engineer (Junior),,,850 EUR
619,crowded-room-studio,Software Developer (Junior),400,560,480 EUR
620,crowded-room-studio,Software Developer (Medior),,,1.600 EUR
621,eurodesk,Customer Support (Junior),400,600,461 EUR
622,eurodesk,System Engineer (Senior),,,2.010 EUR
623,pannovate,Software Developer (Senior),,,1.500 EUR
624,pannovate,Software Developer (Medior),,,1.700 EUR
625,grand-casino-d.o.o.,System Administrator (Junior),,,500 EUR
626,avoss-media,Marketing Department (Medior),1.520,1.841,1.681 EUR
627,avoss-media,Web Designer (Medior),,,2.761 EUR
628,avoss-media,UX/UI Designer (Junior),,,908 EUR
629,avoss-media,Marketing Department (Senior),,,2.250 EUR
630,avoss-media,Graphic Designer (Junior),,,779 EUR
631,ccbill,Technical writer (Medior),800,1.000,900 EUR
632,ccbill,Customer Support (Medior),500,700,600 EUR
633,ccbill,Software Developer (Medior),1.500,1.600,1.550 EUR
634,ccbill,Ostalo (Junior),,,900 EUR
635,ccbill,IT Specialist (Senior),,,800 EUR
636,ccbill,IT Specialist (Medior),,,1.400 EUR
637,ccbill,Software Engineer (Medior),,,1.500 EUR
638,ccbill,QA Specialist (Junior),,,700 EUR
639,ccbill,QA Specialist (Medior),,,1.100 EUR
640,ccbill,Software Engineer (Senior),,,1.550 EUR
641,ccbill,Ostalo (Senior),,,870 EUR
642,ccbill,Ostalo (Medior),,,900 EUR
643,ccbill,Software Developer (Junior),,,1.300 EUR
644,ccbill,System Engineer (Medior),,,1.500 EUR
645,rare-crew,Software Developer (Medior),650,2.400,1.300 EUR
646,rare-crew,Software Developer (Junior),460,1.191,803 EUR
647,rare-crew,QA Specialist (Medior),,,500 EUR
648,new-look-entertainment,Software Developer (Junior),,,300 EUR
649,new-look-entertainment,Software Developer (Junior) / Praksa,,,316 EUR
650,new-look-entertainment,Marketing Department (Medior),,,683 EUR
651,new-look-entertainment,IT Technician (Junior),,,300 EUR
652,bvp,Ostalo (Senior),467,1.583,1.025 EUR
653,bvp,Ostalo (Medior),,,380 EUR
654,solrgy-information-technologies,Software Developer (Junior),506,700,603 EUR
655,3ap,Software Developer (Senior),,,1.800 EUR
656,marble-it,Software Engineer (Junior),,,600 EUR
657,hybrid-it-solutions,Software Developer (Junior),700,1.050,875 EUR
658,wolkabout,Software Developer (Senior),1.400,2.200,1.800 EUR
659,wolkabout,DevOps Engineer (Medior),,,1.500 EUR
660,wolkabout,Software Engineer (Medior),,,1.300 EUR
661,wolkabout,Software Developer (Medior),,,1.500 EUR
662,coing,Software Developer (Senior),,,2.700 EUR
663,panonit,Software Developer (Medior),1.000,1.100,1.033 EUR
664,panonit,Software Developer (Junior),400,462,431 EUR
665,panonit,Test Engineer (Junior),,,700 EUR
666,panonit,BI Developer (Junior),,,608 EUR
667,panonit,Software Developer (Senior),,,2.350 EUR
668,interprefy,Project Manager (Medior),,,1.441 EUR
669,interprefy,Project Manager (Junior),,,1.200 EUR
670,interprefy,IT Technician (Junior),,,600 EUR
671,interprefy,Customer Support (Junior),,,600 EUR
672,interprefy,Customer Support (Senior),,,850 EUR
673,kolosek,Software Developer (Junior),500,600,566 EUR
674,kolosek,Software Developer (Medior),,,858 EUR
675,younify,Software Developer (Senior),,,1.500 EUR
676,younify,Software Developer (Medior),,,1.000 EUR
677,be-terna,Software Developer (Senior),,,1.883 EUR
678,be-terna,Project Manager (Junior),,,1.000 EUR
679,solutions-for-human-capital-(s4hc),Software Engineer (Junior),,,500 EUR
680,solutions-for-human-capital-(s4hc),Software Developer (Junior),,,500 EUR
681,solutions-for-human-capital-(s4hc),Software Developer (Medior),,,1.650 EUR
682,solutions-for-human-capital-(s4hc),Software Engineer (Senior),,,2.208 EUR
683,aikon-group,Sales Department (Junior),,,400 EUR
684,aikon-group,Software Developer (Medior),,,1.100 EUR
685,edeja-software,QA Specialist (Medior),,,504 EUR
686,oddity,Software Developer (Senior),1.800,2.500,2.150 EUR
687,oddity,Technical Lead (Senior),,,3.000 EUR
688,oddity,Software Developer (Medior),,,2.200 EUR
689,vlatacom,Software Engineer (Medior),,,1.000 EUR
690,vlatacom,System Engineer (Medior),,,1.350 EUR
691,vlatacom,System Engineer (Senior),,,1.300 EUR
692,erste-banka,Ostalo (Senior),,,458 EUR
693,studio77,Software Developer (Junior),,,250 EUR
694,studio77,Software Developer (Senior),1.400,2.000,1.700 EUR
695,studio77,Web Designer (Junior),,,500 EUR
696,digital-share,Software Developer (Medior),,,600 EUR
697,digital-share,Software Developer (Junior),,,300 EUR
698,ivyexec,Ostalo (Medior),,,600 EUR
699,asseco-see,Software Developer (Junior),400,941,611 EUR
700,asseco-see,Software Developer (Medior),1.000,1.991,1.429 EUR
701,asseco-see,Software Developer (Senior),1.358,2.250,1.669 EUR
702,asseco-see,System Engineer (Senior),883,1.166,1.024 EUR
703,asseco-see,Business Analyst (Senior),1.633,1.683,1.658 EUR
704,asseco-see,Technical Lead (Senior),,,850 EUR
705,asseco-see,Ostalo (Senior),,,3.833 EUR
706,asseco-see,Ostalo (Junior),,,700 EUR
707,asseco-see,IT Specialist (Medior),,,866 EUR
708,asseco-see,IT Specialist (Junior),,,550 EUR
709,asseco-see,Software Architect (Senior),,,3.200 EUR
710,vicert,Software Developer (Medior),1.350,2.000,1.683 EUR
711,vicert,Software Engineer (Junior),,,850 EUR
712,vicert,Software Developer (Senior),,,2.000 EUR
713,vicert,Project Manager (Senior),,,1.925 EUR
714,godaddy,Software Engineer (Medior),1.400,1.766,1.530 EUR
715,godaddy,Customer Support (Senior),1.400,1.641,1.520 EUR
716,elsys-eastern-europe,Hardware Engineer (Junior),800,1.075,927 EUR
717,elsys-eastern-europe,Hardware Engineer (Medior),1.333,2.016,1.689 EUR
718,elsys-eastern-europe,Ostalo (Junior),,,904 EUR
719,elsys-eastern-europe,Hardware Engineer (Senior),,,1.558 EUR
720,levi9-technology-services,Software Developer (Medior),800,2.100,1.340 EUR
721,levi9-technology-services,Software Developer (Junior),600,900,734 EUR
722,levi9-technology-services,Test Engineer (Junior),600,900,679 EUR
723,levi9-technology-services,Delivery Manager (Medior),1.500,1.900,1.661 EUR
724,levi9-technology-services,Software Developer (Senior),1.100,2.400,1.785 EUR
725,levi9-technology-services,DevOps Engineer (Medior),1.100,1.400,1.250 EUR
726,levi9-technology-services,Test Engineer (Medior),1.050,1.250,1.112 EUR
727,levi9-technology-services,DevOps Engineer (Junior),600,1.225,975 EUR
728,levi9-technology-services,QA Specialist (Medior),900,1.400,1.216 EUR
729,levi9-technology-services,Delivery Manager (Senior),2.000,2.100,2.066 EUR
730,levi9-technology-services,Delivery Manager (Junior),750,1.000,875 EUR
731,levi9-technology-services,QA Specialist (Junior),,,800 EUR
732,levi9-technology-services,QA Specialist (Senior),,,1.300 EUR
733,levi9-technology-services,Software Engineer (Senior),,,1.800 EUR
734,levi9-technology-services,IT Consultant (Senior),,,1.700 EUR
735,levi9-technology-services,Technical Lead (Senior),,,1.700 EUR
736,levi9-technology-services,DevOps Engineer (Senior),,,2.400 EUR
737,levi9-technology-services,Animator (Junior),,,750 EUR
738,levi9-technology-services,Software Architect (Senior),,,3.600 EUR
739,tomtom,Software Engineer (Medior),2.100,2.600,2.318 EUR
740,tomtom,Software Engineer (Senior),3.100,3.766,3.422 EUR
741,tomtom,Software Engineer (Junior),,,1.800 EUR
742,tomtom,Software Developer (Senior),,,2.400 EUR
743,tomtom,DevOps Engineer (Senior),,,2.800 EUR
744,tomtom,Software Engineer (Junior) / Praksa,,,380 EUR
745,mikroelektronika,Software Engineer (Junior),500,700,600 EUR
746,mikroelektronika,Software Developer (Junior),500,700,600 EUR
747,mikroelektronika,Software Engineer (Medior),,,1.200 EUR
748,mikroelektronika,Hardware Engineer (Senior),,,800 EUR
749,mikroelektronika,Software Developer (Medior),,,800 EUR
750,mikroelektronika,UX/UI Designer (Medior),,,800 EUR
751,banca-intesa-a.d.-beograd,System Administrator (Medior),,,1.000 EUR
752,banca-intesa-a.d.-beograd,Software Developer (Junior),,,600 EUR
753,comtrade-system-integration-d.o.o.,Business Analyst (Senior),,,1.641 EUR
754,comtrade-system-integration-d.o.o.,IT Consultant (Senior),,,2.275 EUR
755,comtrade-system-integration-d.o.o.,System Engineer (Medior),,,680 EUR
756,devtech,Software Developer (Medior),800,2.500,1.528 EUR
757,devtech,Software Developer (Junior),600,1.400,1.000 EUR
758,devtech,Technical Lead (Senior),,,3.416 EUR
759,devtech,Software Developer (Senior),,,2.000 EUR
760,devtech,BI Developer (Junior),,,1.000 EUR
761,kraftwerk-international,Software Developer (Medior),700,1.500,1.100 EUR
762,kraftwerk-international,Software Developer (Senior),,,1.300 EUR
763,avast,Customer Support (Junior),,,720 EUR
764,avast,Customer Support (Senior),,,800 EUR
765,nis-a.d.,IT Specialist (Senior),,,658 EUR
766,simula-novi-sad,Ostalo (Junior),,,300 EUR
767,simula-novi-sad,Software Developer (Junior),,,300 EUR
768,qode-themes,Software Developer (Medior),,,1.200 EUR
769,qode-themes,Software Developer (Junior),,,1.000 EUR
770,qode-themes,Ostalo (Junior),,,450 EUR
771,easy2u,Ostalo (Medior),750,1.500,1.126 EUR
772,easy2u,Ostalo (Senior),1.300,1.500,1.400 EUR
773,sopro,Software Developer (Medior),,,1.700 EUR
774,helbiz,Software Developer (Senior),,,2.300 EUR
775,jaggaer,Software Developer (Medior),1.000,1.625,1.360 EUR
776,jaggaer,Software Developer (Senior),1.800,2.583,2.306 EUR
777,jaggaer,Customer Support (Senior),,,800 EUR
778,jaggaer,Software Engineer (Junior),,,1.100 EUR
779,jaggaer,Software Engineer (Medior),,,1.650 EUR
780,jaggaer,QA Specialist (Junior),,,800 EUR
781,jaggaer,Software Developer (Junior) / Praksa,,,500 EUR
782,jaggaer,Ostalo (Medior),,,1.541 EUR
783,jaggaer,Product Owner (Medior),,,1.113 EUR
784,brightmarbles,Software Engineer (Medior),,,1.300 EUR
785,diligent,Software Developer (Junior),600,650,616 EUR
786,diligent,Software Developer (Senior),,,1.600 EUR
787,in2,Software Developer (Junior),300,650,475 EUR
788,in2,Software Developer (Medior),,,1.400 EUR
789,in2,QA Specialist (Junior) / Praksa,,,600 EUR
790,in2,Sales Department (Senior) / Part time,,,10 EUR / h
791,soprex,QA Specialist (Junior),,,700 EUR
792,soprex,Software Developer (Senior),,,1.800 EUR
793,nul-tien,Software Developer (Senior),,,1.500 EUR
794,nul-tien,Software Developer (Medior),,,1.350 EUR
795,continental-,Software Engineer (Medior),1.100,1.800,1.507 EUR
796,continental-,Test Engineer (Medior),1.100,1.300,1.210 EUR
797,continental-,Software Developer (Medior),1.050,1.600,1.345 EUR
798,continental-,Software Engineer (Junior),900,1.300,1.087 EUR
799,continental-,Test Engineer (Junior),850,970,906 EUR
800,continental-,Technical Lead (Senior),2.000,2.100,2.050 EUR
801,continental-,Software Developer (Junior),1.100,1.300,1.200 EUR
802,continental-,Software Developer (Senior),,,2.016 EUR
803,continental-,Business Analyst (Medior),,,1.150 EUR
804,continental-,Test Engineer (Senior),,,2.000 EUR
805,continental-,IT Manager (Senior),,,2.150 EUR
806,continental-,Software Engineer (Senior),,,1.900 EUR
807,consulteer,Software Developer (Medior),750,1.466,1.104 EUR
808,consulteer,Software Developer (Junior),755,808,781 EUR
809,consulteer,Software Developer (Senior),2.141,2.925,2.533 EUR
810,consulteer,Software Developer (Junior) / Part time,,,400 EUR / h
811,consulteer,Product Owner (Medior),,,1.533 EUR
812,tradeticity,DevOps Engineer (Senior),,,700 EUR
813,komercijalna-banka-,Software Engineer (Senior),,,1.000 EUR
814,komercijalna-banka-,Software Engineer (Medior),,,883 EUR
815,geodis-sco,BI Developer (Senior),,,1.850 EUR
816,geodis-sco,Customer Support (Senior),,,1.000 EUR
817,enetel-solutions,Software Developer (Medior),800,850,825 EUR
818,enetel-solutions,Software Developer (Senior),2.000,2.300,2.150 EUR
819,enetel-solutions,Software Engineer (Medior),,,800 EUR
820,enetel-solutions,Software Developer (Junior),,,600 EUR
821,enetel-solutions,Software Engineer (Junior),,,700 EUR
822,symphony,Software Engineer (Medior),1.400,2.500,1.975 EUR
823,symphony,Software Engineer (Senior),2.000,2.700,2.416 EUR
824,symphony,Software Engineer (Junior),1.500,1.600,1.533 EUR
825,symphony,Software Developer (Junior),,,1.600 EUR
826,symphony,Marketing Department (Senior),,,2.000 EUR
827,symphony,IT Manager (Senior),,,4.250 EUR
828,symphony,QA Specialist (Medior),,,2.000 EUR
829,symphony,Delivery Manager (Medior),,,2.000 EUR
830,symphony,Software Developer (Senior),,,3.050 EUR
831,brid.tv,Marketing Department (Senior),,,700 EUR
832,tnation,Software Developer (Junior),450,1.100,720 EUR
833,tnation,Software Developer (Medior),1.000,1.700,1.350 EUR
834,tnation,Software Developer (Senior),2.700,3.500,3.140 EUR
835,tnation,Scrum Master (Senior),3.000,3.500,3.250 EUR
836,tnation,Software Engineer (Senior),,,1.000 EUR
837,tnation,QA Specialist (Medior),,,450 EUR
838,tnation,IT Administrator (Senior),,,1.500 EUR
839,tnation,Software Engineer (Medior),,,1.400 EUR
840,tnation,Web Designer (Senior),,,2.300 EUR
841,atos-it-solutions-and-services,IT Technician (Senior),,,600 EUR
842,atos-it-solutions-and-services,IT Consultant (Junior),,,1.200 EUR
843,atos-it-solutions-and-services,Software Developer (Junior),,,625 EUR
844,citrus-systems,Software Developer (Medior),,,1.208 EUR
845,ncr,Customer Support (Senior),450,700,575 EUR
846,ncr,Customer Support (Junior),470,700,543 EUR
847,ncr,Business Analyst (Medior),540,2.020,977 EUR
848,ncr,Software Engineer (Medior),1.000,1.500,1.240 EUR
849,ncr,Customer Support (Medior),550,623,578 EUR
850,ncr,Software Engineer (Junior),654,1.616,1.005 EUR
851,ncr,IT Specialist (Junior),470,600,523 EUR
852,ncr,IT Consultant (Junior),600,691,630 EUR
853,ncr,IT Specialist (Medior),580,800,660 EUR
854,ncr,Ostalo (Senior),632,1.966,1.078 EUR
855,ncr,Business Analyst (Junior),800,905,845 EUR
856,ncr,Ostalo (Medior),566,700,633 EUR
857,ncr,Sales Department (Medior),700,900,800 EUR
858,ncr,Ostalo (Junior),502,600,551 EUR
859,ncr,BI Developer (Junior),850,900,875 EUR
860,ncr,Project Manager (Medior),1.000,1.008,1.004 EUR
861,ncr,IT Manager (Junior),,,550 EUR
862,ncr,BI Developer (Senior),,,1.000 EUR
863,ncr,Technical Lead (Senior),,,1.200 EUR
864,ncr,IT Administrator (Medior),,,700 EUR
865,ncr,BI Developer (Medior),,,790 EUR
866,ncr,Business Analyst (Senior),,,716 EUR
867,ncr,HR Department (Junior),,,670 EUR
868,ncr,Scrum Master (Medior),,,738 EUR
869,ncr,Project Manager (Senior),,,2.241 EUR
870,ncr,Project Manager (Junior),,,800 EUR
871,ncr,Sales Department (Junior),,,600 EUR
872,ncr,IT Consultant (Senior),,,900 EUR
873,ncr,IT Consultant (Medior),,,1.608 EUR
874,ncr,HR Department (Senior),,,730 EUR
875,ncr,Technical Lead (Medior),,,830 EUR
876,ncr,Finance Department (Medior),,,1.000 EUR
877,ncr,Product Owner (Medior),,,1.966 EUR
878,ncr,IT Technician (Junior),,,500 EUR
879,ncr,Administration (Junior),,,625 EUR
880,ncr,Delivery Manager (Medior),,,1.300 EUR
881,ncr,Software Engineer (Senior),,,900 EUR
882,p3-group,System Engineer (Senior),,,1.000 EUR
883,p3-group,IT Administrator (Senior),,,900 EUR
884,p3-group,QA Specialist (Junior),,,650 EUR
885,engineering-software-lab,Software Developer (Junior),466,1.000,702 EUR
886,engineering-software-lab,Software Developer (Medior),850,2.100,1.226 EUR
887,engineering-software-lab,Software Engineer (Junior),,,495 EUR
888,optima-apps,Ostalo (Senior),,,850 EUR
889,optima-apps,Software Developer (Senior),,,1.500 EUR
890,optima-apps,Software Developer (Junior),,,800 EUR
891,balkaneum,System Engineer (Medior),,,2.100 EUR
892,orion-telekom,System Engineer (Medior),700,816,758 EUR
893,orion-telekom,IT Specialist (Medior),350,790,570 EUR
894,orion-telekom,IT Manager (Senior),800,1.500,1.150 EUR
895,orion-telekom,System Administrator (Medior),,,550 EUR
896,orion-telekom,System Engineer (Senior),,,800 EUR
897,orion-telekom,IT Administrator (Medior),,,530 EUR
898,orion-telekom,Ostalo (Medior),,,650 EUR
899,orion-telekom,Sales Department (Medior),,,500 EUR
900,simple-task,Software Developer (Medior),900,2.000,1.538 EUR
901,simple-task,Software Developer (Junior),400,700,590 EUR
902,simple-task,Ostalo (Medior),,,1.766 EUR
903,simple-task,Marketing Department (Medior),,,700 EUR
904,simple-task,Project Manager (Junior),,,400 EUR
905,smart-new-frontier-group,IT Administrator (Medior),,,680 EUR
906,ericsson,System Administrator (Junior),,,597 EUR
907,ericsson,System Engineer (Junior) / Praksa,,,600 EUR
908,ericsson,Solution Architect (Senior),,,2.166 EUR
909,ericsson,Software Engineer (Junior) / Praksa,,,941 EUR
910,elanwave,Software Developer (Medior),900,2.000,1.450 EUR
911,elanwave,Ostalo (Senior),,,1.400 EUR
912,elanwave,Software Developer (Junior),,,500 EUR
913,elanwave,Software Architect (Senior),,,3.500 EUR
914,elanwave,Software Developer (Senior),,,1.658 EUR
915,mvp-workshop,Product Manager (Senior),3.000,5.166,4.083 EUR
916,mvp-workshop,Software Developer (Medior),,,1.200 EUR
917,mvp-workshop,Executive (Senior),,,3.600 EUR
918,mvp-workshop,Product Manager (Medior),,,1.600 EUR
919,mvp-workshop,Sales Department (Senior),,,2.979 EUR
920,mvp-workshop,Marketing Department (Senior),,,2.091 EUR
921,mvp-workshop,Software Engineer (Medior),,,2.516 EUR
922,mvp-workshop,Software Engineer (Senior),,,3.250 EUR
923,nordeus,Software Developer (Senior),3.450,5.583,4.516 EUR
924,nordeus,Software Engineer (Medior),3.633,3.950,3.791 EUR
925,nordeus,Software Developer (Junior),,,1.541 EUR
926,nordeus,Technical Lead (Medior),,,3.750 EUR
927,catena-media,Ostalo (Senior),1.200,2.100,1.766 EUR
928,catena-media,IT Specialist (Senior),,,1.400 EUR
929,catena-media,Customer Support (Senior),,,500 EUR
930,telesign,Software Engineer (Junior),1.007,1.100,1.053 EUR
931,telesign,Ostalo (Junior),,,870 EUR
932,telesign,Customer Support (Senior),,,975 EUR
933,telesign,Ostalo (Senior),,,1.950 EUR
934,telesign,IT Specialist (Senior),,,1.750 EUR
935,telesign,Software Engineer (Senior),,,1.625 EUR
936,telesign,Data Science Engineer (Junior),,,1.060 EUR
937,humanity,Software Engineer (Junior),,,850 EUR
938,humanity,Software Developer (Junior),,,1.500 EUR
939,humanity,Graphic Designer (Medior),,,800 EUR
940,humanity,Software Developer (Medior),,,1.500 EUR
941,humanity,QA Specialist (Medior),,,1.300 EUR
942,acumenics,Software Engineer (Senior),,,1.625 EUR
943,acumenics,Software Developer (Junior),,,850 EUR
944,dm-drogerie-markt-srbija,System Engineer (Senior),,,1.216 EUR
945,dxc-technology,Software Engineer (Senior),,,1.150 EUR
946,dxc-technology,IT Specialist (Senior),,,1.500 EUR
947,digitec-galaxus,Customer Support (Junior),660,769,696 EUR
948,digitec-galaxus,Customer Support (Medior),710,769,739 EUR
949,digitec-galaxus,Ostalo (Senior),,,1.000 EUR
950,whyttest,QA Specialist (Junior),280,350,305 EUR
951,whyttest,Technical Lead (Medior),,,520 EUR
952,a1-srbija,Marketing Department (Senior),1.250,1.625,1.371 EUR
953,a1-srbija,IT Specialist (Medior),870,1.100,973 EUR
954,a1-srbija,IT Specialist (Senior),1.250,1.700,1.475 EUR
955,a1-srbija,Marketing Department (Medior),900,1.100,1.000 EUR
956,a1-srbija,IT Manager (Senior),2.166,2.296,2.231 EUR
957,a1-srbija,IT Specialist (Junior),,,650 EUR
958,a1-srbija,Sales Department (Medior),,,733 EUR
959,a1-srbija,Customer Support (Medior),,,500 EUR
960,a1-srbija,Administration (Senior),,,1.250 EUR
961,a1-srbija,Finance Department (Senior),,,1.100 EUR
962,a1-srbija,Ostalo (Medior),,,450 EUR
963,a1-srbija,Product Manager (Senior),,,1.733 EUR
964,euronet-worldwide,Ostalo (Medior),1.208,1.525,1.316 EUR
965,euronet-worldwide,System Engineer (Medior),1.266,1.383,1.324 EUR
966,euronet-worldwide,Ostalo (Junior),,,1.000 EUR
967,euronet-worldwide,IT Administrator (Senior),,,1.283 EUR
968,euronet-worldwide,Software Developer (Medior),,,1.291 EUR
969,euronet-worldwide,QA Specialist (Junior),,,1.100 EUR
970,euronet-worldwide,Customer Support (Medior),,,1.183 EUR
971,euronet-worldwide,IT Technician (Medior),,,1.000 EUR
972,euronet-worldwide,Software Engineer (Medior),,,1.483 EUR
973,invenda-solutions-,Software Developer (Senior),,,1.600 EUR
974,horisen-solutions,Software Developer (Junior),470,500,485 EUR
975,horisen-solutions,Customer Support (Medior),,,304 EUR
976,interventure,Software Developer (Medior),1.450,1.800,1.575 EUR
977,interventure,Software Developer (Senior),3.000,3.200,3.066 EUR
978,interventure,Software Engineer (Senior),3.000,4.100,3.633 EUR
979,interventure,Software Developer (Junior),,,1.350 EUR
980,interventure,Test Engineer (Medior),,,1.475 EUR
981,interventure,Software Architect (Senior),,,3.000 EUR
982,interventure,DevOps Engineer (Senior),,,2.500 EUR
983,interventure,Test Engineer (Senior),,,2.700 EUR
984,development-and-testing-center-(dtc),QA Specialist (Medior),450,550,500 EUR
985,codecentric,Software Developer (Senior),,,2.123 EUR
986,pannonia-expertise,QA Specialist (Junior),900,1.100,1.000 EUR
987,pannonia-expertise,QA Specialist (Medior),,,1.550 EUR
988,pannonia-expertise,Software Engineer (Medior),,,1.800 EUR
989,pannonia-expertise,Software Developer (Medior),,,1.500 EUR
990,osm,Test Engineer (Medior),,,650 EUR
991,it-engine,Software Developer (Medior),1.300,1.550,1.425 EUR
992,3biilsoft-,Software Developer (Medior),1.400,2.625,2.041 EUR
993,3biilsoft-,Software Developer (Senior),,,2.650 EUR
994,3biilsoft-,Ostalo (Medior),,,1.066 EUR
995,3biilsoft-,QA Specialist (Medior),,,1.167 EUR
996,3biilsoft-,Project Manager (Junior),,,850 EUR
997,vtool,Hardware Engineer (Medior),,,2.266 EUR
998,united.cloud,Software Engineer (Senior),2.283,4.000,3.141 EUR
999,united.cloud,Software Developer (Junior),600,1.000,800 EUR
1000,united.cloud,Software Engineer (Medior),,,800 EUR
1001,united.cloud,Software Developer (Senior),,,3.466 EUR
1002,united.cloud,Software Engineer (Junior),,,1.041 EUR
1003,united.cloud,Ostalo (Senior),,,1.500 EUR
1004,united.cloud,Product Owner (Medior),,,1.516 EUR
1005,axiomq-ventures,Software Developer (Junior),,,320 EUR
1006,logispin,Software Developer (Senior),1.100,1.733,1.416 EUR
1007,logispin,Software Developer (Junior),,,1.083 EUR
1008,logispin,Project Manager (Senior),,,1.833 EUR
1009,logispin,Software Engineer (Medior),,,1.083 EUR
1010,tx-services,Software Developer (Medior),1.800,2.750,2.240 EUR
1011,tx-services,Customer Support (Senior),700,800,750 EUR
1012,tx-services,Software Engineer (Senior),,,3.300 EUR
1013,smith-micro-software,QA Specialist (Medior),900,1.800,1.150 EUR
1014,smith-micro-software,QA Specialist (Junior),700,715,707 EUR
1015,smith-micro-software,Software Engineer (Senior),,,2.000 EUR
1016,smith-micro-software,QA Specialist (Senior),,,1.826 EUR
1017,smith-micro-software,Test Engineer (Junior),,,700 EUR
1018,sbb,DevOps Engineer (Junior),,,400 EUR
1019,sbb,IT Specialist (Junior),,,500 EUR
1020,sbb,System Engineer (Medior),,,1.000 EUR
1021,sbb,Ostalo (Junior),,,325 EUR
1022,sbb,Software Developer (Junior),,,600 EUR
1023,energosoft,Software Developer (Junior),,,500 EUR
1024,energosoft,Software Developer (Senior),,,750 EUR
1025,energosoft,Software Developer (Medior),,,500 EUR
1026,hyperoptic,Ostalo (Medior),1.066,1.416,1.241 EUR
1027,hyperoptic,QA Specialist (Senior),,,983 EUR
1028,hyperoptic,IT Administrator (Senior),,,1.600 EUR
1029,hyperoptic,IT Administrator (Medior),,,1.150 EUR
1030,hyperoptic,Customer Support (Medior),,,500 EUR
1031,hyperoptic,Finance Department (Medior),,,766 EUR
1032,hyperoptic,Customer Support (Junior),,,601 EUR
1033,hyperoptic,Ostalo (Junior),,,782 EUR
1034,value-shore,Customer Support (Junior),400,583,491 EUR
1035,inviggo,Software Developer (Medior),1.400,2.200,1.800 EUR
1036,halkbank,IT Consultant (Senior),,,800 EUR
1037,halkbank,Ostalo (Senior),,,3.200 EUR
1038,four-dots,Ostalo (Medior),800,1.200,1.000 EUR
1039,four-dots,SEO Specialist (Junior),,,300 EUR
1040,four-dots,Customer Support (Medior),,,650 EUR
1041,gemini-software,Software Developer (Junior),,,238 EUR
1042,gemini-software,System Administrator (Junior),,,238 EUR
1043,gemini-software,Database Administrator (Junior),,,356 EUR
1044,gemini-software,Ostalo (Senior),,,665 EUR
1045,gemini-software,Ostalo (Junior),,,501 EUR
1046,gemini-software,QA Specialist (Medior),,,587 EUR
1047,software-nation,Software Developer (Senior),600,800,700 EUR
1048,software-nation,Software Developer (Medior),,,500 EUR
1049,saga,Software Developer (Medior),1.050,1.500,1.222 EUR
1050,saga,Software Engineer (Junior),600,1.183,891 EUR
1051,saga,Software Developer (Junior),891,966,929 EUR
1052,saga,Ostalo (Medior),,,666 EUR
1053,saga,Business Analyst (Senior),,,1.483 EUR
1054,saga,System Engineer (Medior),,,1.583 EUR
1055,saga,Ostalo (Junior),,,608 EUR
1056,saga,Customer Support (Medior),,,500 EUR
1057,kroon-studio,2D/3D Artist (Medior),,,850 EUR
1058,kroon-studio,Software Developer (Medior),,,1.900 EUR
1059,allied-testing-serbia,QA Specialist (Medior),900,1.400,1.081 EUR
1060,allied-testing-serbia,Test Engineer (Junior),619,850,705 EUR
1061,allied-testing-serbia,Test Engineer (Senior),1.200,1.700,1.450 EUR
1062,allied-testing-serbia,QA Specialist (Senior),1.000,1.400,1.200 EUR
1063,allied-testing-serbia,QA Specialist (Junior),,,900 EUR
1064,hdl-design-house,Hardware Engineer (Medior),1.700,2.200,1.862 EUR
1065,hdl-design-house,Hardware Engineer (Senior),4.000,4.200,4.100 EUR
1066,hdl-design-house,Hardware Engineer (Junior),850,1.000,925 EUR
1067,hdl-design-house,Software Engineer (Medior),,,1.900 EUR
1068,hdl-design-house,Ostalo (Junior),,,850 EUR
1069,hdl-design-house,Ostalo (Medior),,,2.000 EUR
1070,pis---poslovni-informacioni-sistemi,Software Developer (Senior),,,2.000 EUR
1071,pis---poslovni-informacioni-sistemi,Project Manager (Senior),,,1.625 EUR
1072,blackrock-(formerly-efront),Software Developer (Medior),1.000,2.025,1.555 EUR
1073,blackrock-(formerly-efront),Ostalo (Medior),779,1.750,1.166 EUR
1074,blackrock-(formerly-efront),IT Consultant (Junior),720,1.405,948 EUR
1075,blackrock-(formerly-efront),Customer Support (Medior),900,1.779,1.290 EUR
1076,blackrock-(formerly-efront),QA Specialist (Medior),912,1.075,993 EUR
1077,blackrock-(formerly-efront),Software Developer (Senior),2.233,2.466,2.349 EUR
1078,blackrock-(formerly-efront),Software Developer (Junior),850,1.300,1.075 EUR
1079,blackrock-(formerly-efront),QA Specialist (Senior),1.405,2.750,2.077 EUR
1080,blackrock-(formerly-efront),Technical writer (Junior),,,975 EUR
1081,blackrock-(formerly-efront),2D/3D Artist (Junior) / Praksa,,,500 EUR
1082,blackrock-(formerly-efront),Software Engineer (Junior),,,800 EUR
1083,blackrock-(formerly-efront),System Engineer (Senior),,,1.850 EUR
1084,blackrock-(formerly-efront),Software Engineer (Medior),,,1.683 EUR
1085,blackrock-(formerly-efront),QA Specialist (Junior),,,1.153 EUR
1086,blackrock-(formerly-efront),Customer Support (Senior),,,1.020 EUR
1087,blackrock-(formerly-efront),Customer Support (Junior),,,808 EUR
1088,blackrock-(formerly-efront),Finance Department (Medior),,,1.320 EUR
1089,blackrock-(formerly-efront),DevOps Engineer (Senior),,,2.466 EUR
1090,blackrock-(formerly-efront),Software Engineer (Senior),,,2.550 EUR
1091,blackrock-(formerly-efront),Business Analyst (Junior),,,650 EUR
1092,blackrock-(formerly-efront),Product Manager (Medior),,,1.766 EUR
1093,netcast,Software Developer (Junior),500,1.100,700 EUR
1094,netcast,System Administrator (Medior),400,500,466 EUR
1095,netcast,Technical Lead (Senior),,,1.150 EUR
1096,netcast,System Engineer (Medior),,,1.000 EUR
1097,apexsql,Software Developer (Junior) / Praksa,,,300 EUR
1098,apexsql,Software Developer (Medior),,,766 EUR
1099,apexsql,Software Developer (Junior),,,731 EUR
1100,better-collective,QA Specialist (Junior),,,600 EUR
1101,better-collective,2D/3D Artist (Senior),,,700 EUR
1102,better-collective,Software Developer (Medior),,,800 EUR
1103,better-collective,Graphic Designer (Senior),,,1.100 EUR
1104,novalite,QA Specialist (Junior),450,470,460 EUR
1105,novalite,QA Specialist (Medior),,,941 EUR
1106,novalite,Software Developer (Medior),,,600 EUR
1107,appmodule-ag,System Engineer (Senior),,,2.500 EUR
1108,appmodule-ag,Software Engineer (Medior),,,1.600 EUR
1109,studio-present,Software Developer (Junior),,,500 EUR
1110,icentic,Software Developer (Senior),,,3.125 EUR
1111,icentic,Ostalo (Senior),,,700 EUR
1112,the-idea-compiler,Software Engineer (Senior),,,2.783 EUR
1113,hycu,Software Engineer (Junior),,,816 EUR
1114,hycu,Software Developer (Medior),,,1.033 EUR
1115,hycu,Software Developer (Junior),,,791 EUR
1116,hycu,IT Administrator (Medior),,,950 EUR
1117,esteh,Software Developer (Medior),850,1.000,925 EUR
1118,esteh,Software Developer (Junior),,,800 EUR
1119,everseen,Technical Lead (Medior),,,2.600 EUR
1120,everseen,UX/UI Designer (Medior),,,2.400 EUR
1121,sa.global,Software Developer (Senior),,,1.200 EUR
1122,sa.global,Administration (Senior),,,1.200 EUR
1123,sa.global,Customer Support (Senior),,,700 EUR
1124,bee-it,Software Developer (Junior),500,816,658 EUR
1125,bee-it,Software Developer (Senior),2.316,3.033,2.674 EUR
1126,bee-it,Software Developer (Medior),1.354,2.595,1.974 EUR
1127,bee-it,Ostalo (Junior),,,850 EUR
1128,shyft,Ostalo (Senior),,,510 EUR
1129,shyft,Ostalo (Junior),,,500 EUR
1130,shyft,Business Analyst (Senior),,,840 EUR
1131,shyft,Customer Support (Medior),,,650 EUR
1132,shyft,QA Specialist (Medior),,,1.300 EUR
1133,shyft,Ostalo (Medior),,,450 EUR
1134,playrix-rs,2D/3D Artist (Medior),700,1.083,908 EUR
1135,playrix-rs,2D/3D Artist (Junior),,,758 EUR
1136,playrix-rs,Software Developer (Junior),866,1.083,974 EUR
1137,playrix-rs,Ostalo (Medior),,,1.066 EUR
1138,playrix-rs,Game Designer (Junior),,,870 EUR
1139,webelinx,Software Developer (Junior),400,700,533 EUR
1140,webelinx,Technical writer (Medior),400,450,425 EUR
1141,webelinx,2D/3D Artist (Medior),,,900 EUR
1142,webelinx,Software Developer (Medior),,,700 EUR
1143,badin-soft,Software Developer (Senior),1.408,2.300,1.886 EUR
1144,badin-soft,Software Developer (Medior),750,1.025,887 EUR
1145,geneko,Software Developer (Senior),,,1.100 EUR
1146,deploy,DevOps Engineer (Medior),,,1.300 EUR
1147,deploy,Ostalo (Medior),,,1.500 EUR
1148,ezderm,Ostalo (Medior),,,750 EUR
1149,ezderm,Software Engineer (Junior),,,1.200 EUR
1150,learnupon,QA Specialist (Medior),,,1.300 EUR
1151,learnupon,Test Engineer (Medior),,,1.600 EUR
1152,learnupon,Software Developer (Senior),,,2.350 EUR
1153,heliant,Ostalo (Medior),,,600 EUR
1154,heliant,Software Engineer (Junior),,,670 EUR
1155,heliant,Software Developer (Junior),,,850 EUR
1156,leanpay,Software Developer (Medior),,,1.800 EUR
1157,leanpay,Test Engineer (Senior),,,3.000 EUR
1158,eyesee,Software Developer (Senior),,,1.783 EUR
1159,cloud-horizon-technologies,QA Specialist (Medior),,,1.062 EUR
1160,igt,Software Developer (Junior),912,1.275,1.123 EUR
1161,igt,Software Developer (Medior),1.200,1.725,1.483 EUR
1162,igt,DevOps Engineer (Junior),750,1.129,939 EUR
1163,igt,Software Developer (Senior),1.500,1.900,1.700 EUR
1164,igt,QA Specialist (Senior),1.183,1.200,1.191 EUR
1165,igt,Software Engineer (Senior),,,2.733 EUR
1166,igt,QA Specialist (Junior),,,910 EUR
1167,netex-,Marketing Department (Medior),,,700 EUR
1168,myskin,IT Specialist (Medior),,,1.000 EUR
1169,myskin,Ostalo (Senior),,,1.600 EUR
1170,smartcat-,Data Science Engineer (Medior),2.500,2.862,2.681 EUR
1171,smartcat-,Software Engineer (Junior),955,1.280,1.117 EUR
1172,smartcat-,Software Engineer (Medior),1.883,3.016,2.449 EUR
1173,vivify-ideas,Software Developer (Junior),650,1.200,850 EUR
1174,vivify-ideas,Software Developer (Medior),1.400,1.900,1.650 EUR
1175,vivify-ideas,QA Specialist (Junior),,,550 EUR
1176,vivify-ideas,QA Specialist (Medior),,,1.100 EUR
1177,vivify-ideas,Ostalo (Medior),,,1.500 EUR
1178,vivify-ideas,Software Developer (Senior),,,1.400 EUR
1179,mainstream,System Engineer (Senior),1.625,2.016,1.820 EUR
1180,mainstream,Sales Department (Medior),,,1.450 EUR
1181,product-hive,Software Developer (Junior),,,400 EUR
1182,robert-bosch,Marketing Department (Junior),,,612 EUR
1183,robert-bosch,QA Specialist (Medior),,,1.441 EUR
1184,accordia-group,Software Developer (Junior),1.225,1.233,1.229 EUR
1185,accordia-group,BI Developer (Medior),,,554 EUR
1186,accordia-group,Software Engineer (Senior),,,2.125 EUR
1187,accordia-group,Software Engineer (Junior),,,1.408 EUR
1188,accordia-group,Software Developer (Medior),,,1.191 EUR
1189,penta,Software Engineer (Senior),2.000,2.700,2.416 EUR
1190,penta,QA Specialist (Medior),,,2.000 EUR
1191,penta,HR Department (Medior),,,1.200 EUR
1192,penta,Ostalo (Medior),,,1.000 EUR
1193,penta,Customer Support (Medior),,,1.000 EUR
1194,penta,Software Engineer (Junior),,,1.150 EUR
1195,penta,Technical Lead (Senior),,,3.400 EUR
1196,penta,Web Designer (Medior),,,600 EUR
1197,penta,Customer Support (Senior),,,600 EUR
1198,ibis-instruments,Software Developer (Junior),733,841,787 EUR
1199,ibis-instruments,IT Specialist (Medior),450,1.000,725 EUR
1200,ibis-instruments,Software Engineer (Junior),600,700,650 EUR
1201,ibis-instruments,Ostalo (Medior),,,600 EUR
1202,ibis-instruments,Software Engineer (Medior),,,1.100 EUR
1203,ibis-instruments,Software Developer (Medior),,,1.000 EUR
1204,ibis-instruments,IT Specialist (Junior),,,450 EUR
1205,codeus,Software Developer (Junior),,,700 EUR
1206,codeus,Software Developer (Medior),,,1.400 EUR
1207,nutanix,Software Engineer (Medior),1.900,4.000,3.175 EUR
1208,nutanix,Marketing Department (Medior),,,1.000 EUR
1209,nutanix,Software Developer (Senior),,,4.300 EUR
1210,endava,Software Developer (Medior),912,1.600,1.224 EUR
1211,endava,QA Specialist (Medior),650,1.350,1.000 EUR
1212,endava,Software Developer (Junior),800,950,852 EUR
1213,endava,Test Engineer (Medior),700,1.050,937 EUR
1214,endava,Software Developer (Senior),1.400,2.100,1.750 EUR
1215,endava,QA Specialist (Senior),1.700,1.850,1.775 EUR
1216,endava,Software Engineer (Junior),950,1.130,1.040 EUR
1217,endava,Software Engineer (Medior),1.100,1.500,1.300 EUR
1218,endava,Scrum Master (Medior),,,1.200 EUR
1219,endava,IT Consultant (Senior),,,1.600 EUR
1220,endava,Product Manager (Senior),,,1.950 EUR
1221,endava,Customer Support (Medior),,,1.350 EUR
1222,endava,Business Analyst (Medior),,,1.400 EUR
1223,endava,QA Specialist (Junior),,,1.050 EUR
1224,endava,Test Engineer (Senior),,,1.800 EUR
1225,endava,Scrum Master (Senior),,,2.300 EUR
1226,endava,UX/UI Designer (Medior),,,1.200 EUR
1227,endava,Software Engineer (Senior),,,2.450 EUR
1228,endava,UX/UI Designer (Senior),,,2.000 EUR
1229,eipix-entertainment,Game Designer (Junior),,,300 EUR
1230,blue-grid,Software Developer (Junior),700,900,800 EUR
1231,blue-grid,Software Engineer (Medior),800,1.100,950 EUR
1232,blue-grid,Solution Architect (Medior),,,1.300 EUR
1233,blue-grid,Software Engineer (Junior),,,1.200 EUR
1234,blue-grid,Technical Lead (Medior),,,1.200 EUR
1235,blue-grid,Software Developer (Medior),,,1.200 EUR
1236,blue-grid,Customer Support (Medior),,,750 EUR
1237,blue-grid,Software Engineer (Senior),,,1.500 EUR
1238,blue-grid,Customer Support (Senior),,,1.130 EUR
1239,orion-innovation,Software Engineer (Senior),2.000,3.000,2.500 EUR
1240,orion-innovation,Customer Support (Junior),,,500 EUR
1241,orion-innovation,Customer Support (Senior),,,500 EUR
1242,orion-innovation,Scrum Master (Junior),,,1.200 EUR
1243,orion-innovation,Ostalo (Medior),,,1.200 EUR
1244,orion-innovation,Software Developer (Medior),,,1.500 EUR
1245,comtrade-360,Software Developer (Junior) / Praksa,,,450 EUR
1246,comtrade-360,DevOps Engineer (Junior),,,1.016 EUR
1247,comtrade-360,Software Developer (Junior),,,850 EUR
1248,comtrade-360,Software Developer (Medior),,,1.200 EUR
1249,emakina,Software Developer (Junior),500,900,675 EUR
1250,emakina,Software Developer (Medior),,,1.500 EUR
1251,transperfect,Software Engineer (Junior),600,1.100,850 EUR
1252,transperfect,QA Specialist (Medior),800,900,850 EUR
1253,transperfect,Software Developer (Junior),,,1.000 EUR
1254,transperfect,Test Engineer (Junior),,,633 EUR
1255,transperfect,Software Developer (Medior),,,1.400 EUR
1256,transperfect,Software Engineer (Medior),,,1.400 EUR
1257,schneider-electric,Software Engineer (Medior),900,1.716,1.245 EUR
1258,schneider-electric,Software Developer (Senior),1.483,2.650,1.836 EUR
1259,schneider-electric,Software Engineer (Senior),1.050,2.733,2.053 EUR
1260,schneider-electric,Software Engineer (Junior),550,979,860 EUR
1261,schneider-electric,Test Engineer (Medior),750,1.283,963 EUR
1262,schneider-electric,Test Engineer (Senior),1.020,2.150,1.564 EUR
1263,schneider-electric,Software Developer (Junior),600,925,775 EUR
1264,schneider-electric,Software Architect (Senior),2.083,3.416,2.520 EUR
1265,schneider-electric,Software Developer (Medior),1.283,1.500,1.377 EUR
1266,schneider-electric,Test Engineer (Junior),750,850,800 EUR
1267,schneider-electric,Technical Lead (Senior),1.875,2.583,2.229 EUR
1268,schneider-electric,Solution Architect (Senior),1.400,1.700,1.550 EUR
1269,schneider-electric,Ostalo (Medior),1.016,1.200,1.108 EUR
1270,schneider-electric,Product Owner (Medior),1.816,2.083,1.949 EUR
1271,schneider-electric,Software Architect (Medior),1.500,1.816,1.658 EUR
1272,schneider-electric,Delivery Manager (Senior),,,1.766 EUR
1273,schneider-electric,Business Analyst (Senior),,,1.925 EUR
1274,schneider-electric,Administration (Medior),,,910 EUR
1275,schneider-electric,IT Technician (Senior),,,1.033 EUR
1276,schneider-electric,Ostalo (Senior),,,1.750 EUR
1277,schneider-electric,System Administrator (Medior),,,1.100 EUR
1278,schneider-electric,QA Specialist (Medior),,,1.200 EUR
1279,schneider-electric,Solution Architect (Medior),,,1.758 EUR
1280,schneider-electric,IT Specialist (Medior),,,1.125 EUR
1281,schneider-electric,Customer Support (Medior),,,1.250 EUR
1282,schneider-electric,Ostalo (Junior),,,900 EUR
1283,htec,Software Engineer (Medior),1.200,2.700,1.809 EUR
1284,htec,Software Developer (Junior),600,1.500,857 EUR
1285,htec,Software Developer (Senior),2.100,3.475,2.637 EUR
1286,htec,Software Engineer (Senior),2.100,3.233,2.747 EUR
1287,htec,Software Engineer (Junior),700,1.200,1.050 EUR
1288,htec,QA Specialist (Medior),1.200,1.700,1.480 EUR
1289,htec,QA Specialist (Junior),400,800,633 EUR
1290,htec,Delivery Manager (Senior),3.916,4.875,4.264 EUR
1291,htec,UX/UI Designer (Senior),1.304,2.500,1.902 EUR
1292,htec,QA Specialist (Senior),1.700,2.000,1.850 EUR
1293,htec,Ostalo (Medior),1.200,1.500,1.350 EUR
1294,htec,Software Developer (Medior),,,1.400 EUR
1295,htec,Test Engineer (Senior),,,2.816 EUR
1296,htec,Ostalo (Senior),,,1.900 EUR
1297,htec,Project Manager (Senior),,,2.666 EUR
1298,htec,Product Manager (Medior),,,1.900 EUR
1299,htec,DevOps Engineer (Medior),,,1.500 EUR
1300,htec,Data Science Engineer (Medior),,,2.000 EUR
1301,htec,Test Engineer (Medior),,,1.500 EUR
1302,htec,Technical Lead (Senior),,,3.250 EUR
1303,htec,UX/UI Designer (Medior),,,2.050 EUR
1304,softmetrix,Software Developer (Medior),,,800 EUR
1305,softmetrix,Software Developer (Junior),,,500 EUR
1306,mangonel,Test Engineer (Senior),,,1.200 EUR
1307,quectel,Software Engineer (Senior),,,3.550 EUR
1308,quectel,Software Developer (Medior),,,2.222 EUR
1309,quectel,Software Engineer (Junior),,,1.633 EUR
1310,prodyna,Software Engineer (Senior),,,2.500 EUR
1311,prodyna,Software Developer (Junior),,,500 EUR
1312,prodyna,System Engineer (Junior),,,1.200 EUR
1313,fis,Software Engineer (Junior),1.050,1.400,1.206 EUR
1314,fis,Software Engineer (Medior),1.450,2.000,1.750 EUR
1315,fis,Software Engineer (Senior),2.000,2.400,2.100 EUR
1316,fis,Software Developer (Medior),1.400,1.950,1.616 EUR
1317,fis,Software Developer (Junior),1.390,1.420,1.405 EUR
1318,fis,QA Specialist (Senior),1.600,1.900,1.750 EUR
1319,fis,DevOps Engineer (Medior),1.300,1.370,1.335 EUR
1320,fis,Software Developer (Senior),2.000,2.300,2.150 EUR
1321,fis,QA Specialist (Junior),1.000,1.350,1.175 EUR
1322,fis,Business Analyst (Medior),1.341,1.500,1.420 EUR
1323,fis,Test Engineer (Medior),,,1.500 EUR
1324,fis,IT Consultant (Medior),,,1.800 EUR
1325,fis,Software Developer (Junior) / Praksa,,,450 EUR
1326,fis,QA Specialist (Medior),,,1.400 EUR
1327,fis,IT Manager (Senior),,,2.750 EUR
