,name,interview_rating,selection_duration,easy_percent,medium_percent,hard_percent
0,two-desperados,2.8,7.2,75,25,0
1,iten-engineering,0.0,0.0,0,0,0
2,doob-innovation-studio,0.0,0.0,0,0,0
3,wireless-media,3.2,3.0,46,54,0
4,merkle,3.7,2.9,30,70,0
5,sirius-solutions,0.0,0.0,0,0,0
6,sks365,4.2,3.2,80,20,0
7,insicon,4.3,2.6,100,0,0
8,microsoft-development-center-serbia,4.6,4.3,13,63,25
9,exlrt,1.0,1.0,0,100,0
10,fadata,0.0,0.0,0,0,0
11,telq-telecom,4.2,2.6,40,60,0
12,executive-digital,0.0,0.0,0,0,0
13,ntt-data,3.5,2.5,50,50,0
14,justraspberry,2.0,1.5,50,50,0
15,codeplicity,5.0,5.0,0,100,0
16,telekom-srbija,3.8,4.0,25,50,25
17,trinityrank,0.0,0.0,0,0,0
18,ns-web-development,0.0,0.0,0,0,0
19,next-generation-lotteries,0.0,0.0,0,0,0
20,zuhlke-engineering,4.3,2.7,0,79,21
21,entelo,4.7,1.3,67,33,0
22,naovis,4.7,2.4,0,71,29
23,polus-tech,1.7,2.3,67,33,0
24,productdock,3.0,1.5,50,50,0
25,synechron,4.0,3.4,31,69,0
26,mozzart,3.5,3.3,83,17,0
27,fracturecode-corporation,3.0,1.3,100,0,0
28,ansio,5.0,2.0,0,100,0
29,team-sava,3.5,3.0,64,36,0
30,playstudios-europe,4.5,4.0,0,100,0
31,passendo,5.0,2.0,100,0,0
32,netconomy,5.0,5.0,0,100,0
33,novelic,3.0,4.3,67,33,0
34,eton-digital,4.0,2.0,100,0,0
35,seavus-group,3.7,2.5,78,22,0
36,seven-bridges,4.0,3.8,25,75,0
37,quantox-technology,3.6,2.2,61,39,0
38,synsoft,4.2,2.0,40,60,0
39,incode-advance-technologies,3.7,3.3,0,67,33
40,premium-software,5.0,1.0,0,100,0
41,dcloud,0.0,0.0,0,0,0
42,fevo,2.8,4.1,17,67,17
43,lioneight,0.0,0.0,0,0,0
44,intens,5.0,1.0,0,100,0
45,comdata,4.0,2.0,0,100,0
46,coming---computer-engineering,3.0,2.0,0,100,0
47,ximedes,4.0,2.5,25,50,25
48,otp-banka,5.0,1.5,0,100,0
49,hunch,5.0,1.7,25,75,0
50,svea-ekonomi,2.0,2.0,100,0,0
51,greco-shared-services-doo,3.3,1.3,100,0,0
52,set-plus-plus,5.0,1.0,100,0,0
53,vast-(vroom),3.7,3.5,41,59,0
54,ates-soft,4.0,2.0,0,100,0
55,zilker-technology,5.0,5.0,50,50,0
56,bakson-ltd,5.0,1.5,50,50,0
57,itaf-ict-services,3.0,3.0,50,50,0
58,dynamicsoft,0.0,0.0,0,0,0
59,adacta,3.7,1.6,33,67,0
60,salestrekker,5.0,3.0,0,100,0
61,jiway,0.0,0.0,0,0,0
62,computer-rock,3.3,2.2,46,42,13
63,ibis-solutions,5.0,2.0,100,0,0
64,finbet-,4.1,2.0,63,38,0
65,snap-one,4.8,1.4,60,40,0
66,tiac,3.0,1.0,50,50,0
67,oblo-living,0.0,0.0,0,0,0
68,digital-silk,5.0,1.3,100,0,0
69,essence-of-email,3.0,8.0,100,0,0
70,fittico,5.0,2.0,0,100,0
71,grid-dynamics,4.0,2.4,29,68,4
72,mercator-s-d.o.o,5.0,2.0,0,100,0
73,generali-osiguranje-srbija,0.0,0.0,0,0,0
74,msg-global-solutions,1.5,2.0,0,100,0
75,link-group,4.0,1.6,40,60,0
76,emisia-consulting,0.0,0.0,0,0,0
77,icodefactory,3.0,1.0,50,50,0
78,mega-computer-engineering,0.0,0.0,0,0,0
79,fishingbooker,4.3,3.4,17,67,17
80,ubisoft,4.0,3.6,50,42,8
81,avisto-eastern-europe,3.0,1.5,50,50,0
82,belit,0.0,0.0,0,0,0
83,nps,0.0,0.0,0,0,0
84,vega-it-sourcing,4.3,2.2,32,68,0
85,fiscal-solutions,1.0,13.0,100,0,0
86,data-smart,4.0,1.7,25,25,50
87,execom,3.4,4.0,30,50,20
88,comtrade,3.4,3.0,25,75,0
89,arcadis-gen,4.5,7.0,50,50,0
90,phuket-(sportske-kladionice-soccer),1.0,2.0,100,0,0
91,ester-71-energy-d.o.o.,0.0,0.0,0,0,0
92,things-solver,0.0,0.0,0,0,0
93,katipult,4.5,1.0,100,0,0
94,shared-mobility,1.3,6.5,50,50,0
95,sap,3.3,2.0,0,100,0
96,sipod,0.0,0.0,0,0,0
97,nortal,5.0,1.0,33,67,0
98,sixsentix,3.3,2.2,56,44,0
99,degordian,5.0,3.3,33,67,0
100,arbor-education-partners,4.0,10.0,100,0,0
101,sanne,5.0,4.0,100,0,0
102,tigar-tyres,1.0,2.0,100,0,0
103,devellop-(formerly-lanus),5.0,4.0,0,100,0
104,tcp-software,5.0,2.0,0,100,0
105,atomia,4.0,1.0,100,0,0
106,teletrader,3.6,1.9,30,40,30
107,alite-international,2.3,2.0,100,0,0
108,itekako,4.3,2.2,15,75,10
109,mad-head-games,4.8,4.2,50,50,0
110,mitto,3.0,1.3,67,33,0
111,qwertify,2.6,2.6,40,60,0
112,thorium-games,0.0,0.0,0,0,0
113,quest-software,3.0,3.6,40,60,0
114,miticon,2.9,2.5,56,44,0
115,gorgias,1.4,6.6,20,60,20
116,emric,5.0,2.0,100,0,0
117,ogranak-torchlight-technology-group-llc,5.0,2.0,0,100,0
118,factory-world-wide-,2.9,3.4,14,71,14
119,calliduscloud,4.4,1.8,20,80,0
120,activecollab-(a51),0.0,0.0,0,0,0
121,spicefactory,5.0,1.2,0,100,0
122,ogury-,3.8,8.7,25,75,0
123,smallpdf,5.0,2.0,0,100,0
124,stech,3.2,2.5,33,67,0
125,arpm,0.0,0.0,0,0,0
126,get,3.1,3.1,29,65,6
127,embroker,3.3,2.3,33,67,0
128,soneco,0.0,0.0,0,0,0
129,carnegie-technologies,3.0,1.5,0,100,0
130,intelisale,4.0,2.7,25,75,0
131,mera-software-services,4.3,1.0,50,50,0
132,devoteam,5.0,1.0,100,0,0
133,teksavvy-solutions,0.0,0.0,0,0,0
134,holycode,3.3,2.1,44,56,0
135,telenor,2.9,3.3,38,62,0
136,fortrade,1.0,7.6,100,0,0
137,cyrillic-software,2.0,2.0,33,67,0
138,gourban,5.0,2.0,100,0,0
139,ddor-novi-sad,3.0,1.0,0,100,0
140,tlscontact,0.0,0.0,0,0,0
141,popart-studio,4.6,1.6,40,60,0
142,gowi,0.0,0.0,0,0,0
143,inovatec,4.0,4.5,50,50,0
144,brose-group,0.0,0.0,0,0,0
145,decenter,4.5,2.0,100,0,0
146,roaming-networks,4.0,2.6,33,67,0
147,gerniks,4.5,1.5,67,33,0
148,ikor-development-center,4.0,4.0,25,75,0
149,workpuls,4.1,2.7,21,71,7
150,infostud-3,3.5,2.5,0,50,50
151,centili,4.3,3.3,0,100,0
152,nf-innova,4.5,3.5,50,50,0
153,selerant,3.0,1.0,100,0,0
154,digital-atrium,0.0,0.0,0,0,0
155,icl-services,3.5,3.5,0,50,50
156,technomedia,1.0,2.0,100,0,0
157,tajfun-hil,5.0,2.0,0,100,0
158,menu-technologies,2.8,3.4,73,27,0
159,bad-sistems,5.0,2.0,0,100,0
160,umlaut,3.0,3.3,0,100,0
161,stada-it-solutions,3.5,4.0,0,100,0
162,elementor,4.8,3.0,50,50,0
163,ingsoftware,4.1,2.7,30,50,20
164,esome-advertising-technologies,3.0,1.6,100,0,0
165,daon,4.0,2.1,52,48,0
166,orange-cloud,3.7,3.6,33,67,0
167,syrmia,5.0,2.0,50,50,0
168,hubx,1.0,8.0,100,0,0
169,hooloovoo,4.5,2.3,33,33,33
170,origintrail,3.1,2.1,14,86,0
171,rt-rk,3.5,2.4,20,67,13
172,tymeshift,2.8,3.2,75,25,0
173,edge-technologies,0.0,0.0,0,0,0
174,libertex-group,1.0,2.0,100,0,0
175,zesium-mobile,5.0,2.0,25,75,0
176,enjoy.ing,3.8,2.2,28,72,0
177,nites,5.0,2.0,0,100,0
178,eryce-ag,4.0,2.0,0,67,33
179,printec,3.0,16.0,100,0,0
180,unicredit-banka,0.0,0.0,0,0,0
181,geta,3.5,2.5,50,50,0
182,lotusflare,3.2,2.6,31,69,0
183,red-black-tree,3.0,2.0,50,50,0
184,halcom,3.0,1.0,0,100,0
185,crowded-room-studio,0.0,0.0,0,0,0
186,eurodesk,3.0,1.5,50,50,0
187,pannovate,3.7,1.4,29,57,14
188,grand-casino-d.o.o.,3.0,4.0,100,0,0
189,avoss-media,4.8,2.3,17,67,17
190,ccbill,4.4,1.8,41,59,0
191,rare-crew,4.0,1.0,0,100,0
192,new-look-entertainment,5.0,3.0,0,100,0
193,bvp,2.0,4.0,100,0,0
194,solrgy-information-technologies,5.0,1.3,33,67,0
195,forwardslash,5.0,1.5,50,50,0
196,consolia,4.0,3.0,100,0,0
197,3ap,1.5,2.0,0,100,0
198,marble-it,0.0,0.0,0,0,0
199,hybrid-it-solutions,3.8,2.5,75,25,0
200,librafire,1.8,1.8,100,0,0
201,wolkabout,5.0,2.0,0,100,0
202,coing,3.3,2.1,40,47,13
203,panonit,0.0,0.0,0,0,0
204,interprefy,5.0,2.0,100,0,0
205,rcmt-it-europe,1.0,2.0,0,100,0
206,kolosek,4.0,2.0,0,100,0
207,younify,5.0,1.6,0,33,67
208,be-terna,3.5,3.5,50,50,0
209,solutions-for-human-capital-(s4hc),3.0,1.0,0,100,0
210,aikon-group,5.0,9.0,100,0,0
211,edeja-software,0.0,0.0,0,0,0
212,oddity,5.0,2.3,0,100,0
213,vlatacom,0.0,0.0,0,0,0
214,erste-banka,1.0,1.0,100,0,0
215,studio77,1.8,1.0,60,0,40
216,digital-share,0.0,0.0,0,0,0
217,ivyexec,2.9,3.2,71,29,0
218,asseco-see,3.0,3.1,63,38,0
219,vicert,3.5,2.5,45,45,9
220,godaddy,3.3,3.0,25,63,13
221,elsys-eastern-europe,3.3,3.5,25,75,0
222,levi9-technology-services,4.0,2.6,23,69,8
223,tomtom,3.8,3.6,0,33,67
224,mikroelektronika,3.7,8.3,100,0,0
225,banca-intesa-a.d.-beograd,3.0,4.1,38,63,0
226,comtrade-system-integration-d.o.o.,3.0,1.0,100,0,0
227,navigator,2.7,5.3,67,33,0
228,dib-travel,4.0,4.0,0,100,0
229,grip-events,1.0,4.0,100,0,0
230,devtech,3.7,1.6,33,67,0
231,kraftwerk-international,0.0,0.0,0,0,0
232,avast,1.0,1.0,100,0,0
233,nis-a.d.,4.0,1.0,100,0,0
234,simula-novi-sad,0.0,0.0,0,0,0
235,qode-themes,1.0,8.0,100,0,0
236,easy2u,0.0,0.0,0,0,0
237,activity-stream,0.0,0.0,0,0,0
238,sopro,3.0,1.5,50,50,0
239,helbiz,4.1,3.0,63,38,0
240,jaggaer,3.7,3.1,50,50,0
241,brightmarbles,4.0,5.0,0,50,50
242,rho-business-banking,4.4,2.6,40,60,0
243,diligent,0.0,0.0,0,0,0
244,in2,4.5,1.5,0,100,0
245,soprex,1.0,1.5,50,0,50
246,nul-tien,4.3,2.7,17,75,8
247,continental-,3.5,2.1,18,76,6
248,consulteer,5.0,1.0,100,0,0
249,tradeticity,4.0,2.0,100,0,0
250,komercijalna-banka-,0.0,0.0,0,0,0
251,geodis-sco,2.5,6.0,100,0,0
252,enetel-solutions,0.0,0.0,0,0,0
253,symphony,3.8,2.9,11,74,16
254,netset-global-solutions,3.6,2.0,0,80,20
255,quality-house--doo,3.0,1.0,50,50,0
256,brid.tv,3.0,1.0,100,0,0
257,tnation,3.8,2.2,28,72,0
258,atos-it-solutions-and-services,0.0,0.0,0,0,0
259,citrus-systems,2.3,4.3,67,33,0
260,terracore-technologies,5.0,3.0,0,100,0
261,ncr,3.3,3.2,57,43,0
262,p3-group,5.0,3.3,67,33,0
263,engineering-software-lab,4.3,2.0,58,42,0
264,optima-apps,4.0,2.0,100,0,0
265,balkaneum,2.0,3.0,100,0,0
266,orion-telekom,2.3,3.3,67,33,0
267,simple-task,2.6,2.1,57,43,0
268,akvelon,2.5,5.0,25,75,0
269,smart-new-frontier-group,0.0,0.0,0,0,0
270,ericsson,0.0,0.0,0,0,0
271,elanwave,3.0,1.5,50,50,0
272,mvp-workshop,5.0,2.0,50,0,50
273,nordeus,3.5,4.7,38,62,0
274,catena-media,3.3,4.1,43,43,14
275,telesign,3.3,2.3,33,50,17
276,humanity,2.8,4.4,0,100,0
277,acumenics,5.0,3.0,0,100,0
278,prime-software,3.3,4.8,50,50,0
279,dm-drogerie-markt-srbija,1.7,4.0,33,67,0
280,vyntex-developments,0.0,0.0,0,0,0
281,byteout-software,3.0,2.6,33,67,0
282,spartans-ai,2.8,2.5,50,50,0
283,dxc-technology,0.0,0.0,0,0,0
284,digitec-galaxus,4.8,3.4,0,100,0
285,whyttest,3.0,1.0,100,0,0
286,a1-srbija,2.5,4.3,75,25,0
287,euronet-worldwide,3.7,2.9,67,17,17
288,invenda-solutions-,0.0,0.0,0,0,0
289,horisen-solutions,0.0,0.0,0,0,0
290,interventure,4.1,2.2,43,57,0
291,development-and-testing-center-(dtc),0.0,0.0,0,0,0
292,codecentric,2.4,3.2,40,40,20
293,pannonia-expertise,2.8,2.0,0,100,0
294,united-internet,1.0,3.0,100,0,0
295,osm,4.4,2.7,36,64,0
296,it-engine,3.5,2.0,50,50,0
297,3biilsoft-,2.8,2.7,59,41,0
298,vtool,4.0,2.0,25,75,0
299,united.cloud,4.3,2.5,25,75,0
300,axiomq-ventures,3.5,3.0,100,0,0
301,mad-duck-code,5.0,3.0,0,100,0
302,logispin,0.0,0.0,0,0,0
303,tx-services,4.2,3.8,40,60,0
304,smith-micro-software,4.1,1.8,78,22,0
305,ecd,4.3,2.8,67,33,0
306,sbb,3.5,3.0,100,0,0
307,energosoft,4.0,1.0,0,100,0
308,hyperoptic,2.4,2.6,44,56,0
309,value-shore,3.0,1.5,100,0,0
310,inviggo,4.3,1.3,0,100,0
311,halkbank,0.0,0.0,0,0,0
312,four-dots,3.8,1.5,100,0,0
313,gemini-software,5.0,1.0,67,33,0
314,software-nation,1.0,1.0,100,0,0
315,saga,3.0,11.0,50,50,0
316,kroon-studio,4.1,2.6,14,79,7
317,allied-testing-serbia,4.4,2.2,29,71,0
318,hdl-design-house,1.3,1.5,57,0,43
319,pis---poslovni-informacioni-sistemi,0.0,0.0,0,0,0
320,blackrock-(formerly-efront),3.0,2.7,36,55,9
321,netcast,5.0,1.0,100,0,0
322,rationale-information-technologies,4.0,1.0,0,100,0
323,apexsql,2.5,2.5,100,0,0
324,webcentric,3.0,1.4,43,43,14
325,alterset,5.0,2.0,0,100,0
326,better-collective,3.5,3.0,0,100,0
327,novalite,5.0,2.5,0,100,0
328,darwin-digital-,0.0,0.0,0,0,0
329,appmodule-ag,0.0,0.0,0,0,0
330,studio-present,5.0,2.0,100,0,0
331,icentic,4.0,2.0,0,0,100
332,videobolt,4.5,1.5,100,0,0
333,the-idea-compiler,2.5,2.0,100,0,0
334,prodevs,4.2,1.4,40,60,0
335,hycu,3.0,1.0,100,0,0
336,esteh,3.0,4.0,100,0,0
337,everseen,4.4,3.6,40,40,20
338,sa.global,5.0,3.0,29,71,0
339,bee-it,3.8,1.4,50,40,10
340,shyft,2.3,2.3,100,0,0
341,playrix-rs,3.5,3.1,17,83,0
342,webelinx,1.0,1.0,0,0,100
343,badin-soft,1.0,1.0,100,0,0
344,florence-healthcare,3.3,3.0,64,36,0
345,geneko,1.0,1.0,100,0,0
346,deploy,0.0,0.0,0,0,0
347,ezderm,4.2,2.3,17,83,0
348,learnupon,3.7,2.5,36,55,9
349,trizma,3.3,7.0,50,50,0
350,heliant,5.0,2.0,0,100,0
351,leanpay,3.5,4.0,83,17,0
352,eyesee,5.0,2.0,0,100,0
353,cloud-horizon-technologies,3.3,3.5,75,25,0
354,rhea-software-(usablenet),3.0,1.0,100,0,0
355,igt,3.3,2.7,60,40,0
356,tradecore,3.2,3.8,60,20,20
357,netex-,1.0,2.0,100,0,0
358,montecha,5.0,2.0,0,100,0
359,myskin,4.0,1.0,0,0,100
360,teamcubate,4.0,1.3,67,0,33
361,smartcat-,5.0,2.0,100,0,0
362,vivify-ideas,3.1,3.0,36,64,0
363,mainstream,3.0,1.0,0,0,100
364,product-hive,5.0,2.0,100,0,0
365,robert-bosch,2.9,6.2,71,29,0
366,jsguru,3.0,1.7,50,50,0
367,esa-gaming,5.0,2.6,33,67,0
368,accordia-group,1.0,2.0,0,100,0
369,penta,4.5,2.3,25,75,0
370,ibis-instruments,0.0,0.0,0,0,0
371,codeus,5.0,1.0,100,0,0
372,smartnet-technologies,0.0,0.0,0,0,0
373,nutanix,3.0,5.0,50,50,0
374,endava,4.4,2.9,20,70,10
375,procescom,5.0,1.5,100,0,0
376,eipix-entertainment,0.0,0.0,0,0,0
377,blue-grid,3.9,2.0,50,50,0
378,orion-innovation,3.0,2.0,50,50,0
379,comtrade-360,5.0,3.0,0,100,0
380,emakina,4.0,1.7,25,75,0
381,transperfect,3.0,4.5,0,50,50
382,schneider-electric,3.5,3.7,50,50,0
383,htec,3.7,3.1,23,68,10
384,softmetrix,1.0,3.5,100,0,0
385,mangonel,5.0,1.2,50,50,0
386,quectel,0.0,0.0,0,0,0
387,prodyna,3.5,3.3,33,67,0
388,fis,2.7,3.5,27,50,23
